도메인,시스템,모듈러시스템,부품,사양,단가,M1,M2,M3,M4,M5,M6,M7,M8,M9,M10
전장,시스템01,모듈러001,부품01,사양A,195,공용,-,신규,신규,-,-,-,공용,-,-
,,,부품02,사양A,22,공용,-,공용,-,-,공용,-,공용,-,-
,,,부품03,사양A,459,-,신규,-,신규,신규,-,-,신규,신규,-
,,,부품04,사양A,38,-,-,-,-,-,-,-,공용,-,공용
,,,부품05,사양A,194,-,신규,신규,-,-,신규,신규,-,-,-
,,,부품05,사양B,256,공용,-,-,공용,-,-,신규,공용,-,공용
,,,부품06,사양A,39,신규,공용,신규,-,-,신규,-,공용,-,-
,,,부품07,사양A,487,-,신규,-,공용,-,-,-,-,-,공용
,,,부품07,사양B,184,-,-,-,-,-,공용,-,-,-,-
,,,부품08,사양A,172,-,신규,-,-,-,-,-,-,-,-
,,,부품08,사양B,256,신규,-,-,공용,-,-,신규,-,신규,-
,,,부품09,사양A,212,-,신규,-,-,공용,-,공용,-,신규,공용
,,,부품09,사양B,232,신규,-,공용,공용,-,신규,신규,신규,공용,공용
,,,부품10,사양A,277,신규,-,-,-,-,-,-,신규,-,공용
,,,부품10,사양B,391,-,신규,-,공용,-,-,공용,-,-,-
전장,시스템01,모듈러002,부품01,사양A,54,-,-,신규,신규,공용,-,-,공용,-,-
,,,부품02,사양A,241,-,-,공용,-,신규,-,-,공용,-,신규
,,,부품02,사양B,303,공용,-,-,-,신규,-,공용,공용,공용,신규
,,,부품03,사양A,54,-,신규,-,신규,-,공용,-,-,-,-
,,,부품04,사양A,76,-,-,-,-,-,-,-,신규,-,신규
,,,부품05,사양A,194,신규,-,-,-,신규,-,-,-,-,-
,,,부품05,사양B,64,공용,신규,신규,-,-,-,-,공용,-,-
,,,부품06,사양A,357,-,공용,-,신규,공용,공용,-,-,-,공용
,,,부품07,사양A,213,-,-,공용,공용,신규,-,-,-,공용,-
,,,부품07,사양B,382,신규,공용,-,-,-,-,-,신규,-,-
,,,부품08,사양A,345,-,공용,-,공용,-,신규,신규,-,-,-
,,,부품09,사양A,497,-,-,신규,-,공용,-,-,-,-,-
,,,부품09,사양B,381,신규,-,-,-,공용,공용,신규,-,-,-
,,,부품10,사양A,186,-,-,신규,-,신규,-,공용,-,-,공용
,,,부품10,사양B,447,신규,공용,-,-,-,-,-,신규,-,신규
샤시,시스템01,모듈러003,부품01,사양A,152,-,-,-,신규,공용,-,신규,-,신규,공용
,,,부품02,사양A,294,-,-,신규,-,공용,공용,-,-,-,신규
,,,부품03,사양A,123,-,신규,-,-,-,공용,-,신규,-,-
,,,부품04,사양A,267,-,공용,-,-,-,공용,신규,-,-,-
,,,부품04,사양B,292,신규,-,공용,-,신규,-,신규,공용,신규,-
,,,부품05,사양A,79,-,-,-,-,-,-,-,-,-,-
,,,부품05,사양B,25,-,-,-,공용,신규,공용,-,신규,-,-
,,,부품06,사양A,475,-,-,-,-,공용,-,-,-,-,-
,,,부품07,사양A,238,-,-,-,-,신규,-,신규,-,-,신규
,,,부품07,사양B,17,-,-,신규,-,신규,-,-,공용,-,신규
,,,부품08,사양A,91,-,-,-,공용,-,-,-,-,-,-
,,,부품09,사양A,19,-,공용,-,-,-,신규,공용,-,공용,-
,,,부품09,사양B,252,공용,-,-,신규,공용,공용,-,-,신규,공용
,,,부품10,사양A,461,신규,-,공용,신규,-,공용,-,-,-,신규
,,,부품10,사양B,13,신규,공용,신규,-,-,신규,신규,공용,신규,신규
전장,시스템01,모듈러004,부품01,사양A,165,-,신규,-,공용,-,-,신규,-,-,공용
,,,부품01,사양B,442,신규,-,-,-,-,-,-,-,-,-
,,,부품02,사양A,467,-,-,-,-,-,신규,신규,-,공용,공용
,,,부품02,사양B,382,공용,-,신규,신규,-,-,-,-,신규,-
,,,부품03,사양A,312,-,-,-,신규,-,-,신규,공용,-,-
,,,부품04,사양A,375,-,-,공용,공용,신규,-,-,-,공용,-
,,,부품04,사양B,342,공용,-,-,신규,공용,공용,공용,공용,-,공용
,,,부품05,사양A,352,-,신규,-,-,-,신규,신규,-,신규,-
,,,부품06,사양A,427,신규,-,-,신규,-,-,신규,-,-,-
,,,부품06,사양B,188,공용,공용,공용,-,-,-,-,신규,공용,신규
,,,부품07,사양A,58,-,-,신규,-,-,공용,신규,-,신규,-
,,,부품08,사양A,231,공용,-,-,공용,-,신규,-,-,공용,-
,,,부품08,사양B,392,공용,-,공용,-,공용,-,-,신규,-,-
,,,부품09,사양A,248,공용,-,-,-,신규,-,-,신규,공용,-
,,,부품10,사양A,370,-,-,신규,-,공용,신규,-,-,-,공용
샤시,시스템01,모듈러005,부품01,사양A,90,-,-,-,-,-,신규,공용,-,-,공용
,,,부품02,사양A,125,신규,공용,공용,-,신규,공용,공용,-,-,공용
,,,부품03,사양A,115,공용,신규,-,-,신규,공용,공용,-,-,-
,,,부품04,사양A,70,공용,-,-,-,-,-,신규,신규,신규,-
,,,부품05,사양A,153,공용,-,공용,-,-,신규,신규,공용,-,-
,,,부품06,사양A,454,-,-,공용,-,-,-,신규,-,신규,-
,,,부품07,사양A,399,공용,공용,-,-,-,신규,-,-,-,공용
,,,부품07,사양B,142,-,공용,공용,공용,-,공용,신규,신규,-,공용
,,,부품08,사양A,296,신규,신규,신규,-,-,공용,신규,-,-,-
,,,부품09,사양A,209,-,-,-,-,-,-,신규,공용,신규,-
,,,부품09,사양B,188,신규,신규,-,-,-,공용,신규,신규,공용,공용
,,,부품10,사양A,368,신규,신규,신규,-,-,신규,-,신규,신규,-
파워트레인,시스템02,모듈러006,부품01,사양A,166,-,신규,신규,공용,공용,-,공용,신규,-,공용
,,,부품02,사양A,433,신규,-,-,-,-,-,-,-,신규,-
,,,부품02,사양B,180,공용,신규,공용,-,-,-,-,신규,신규,-
,,,부품03,사양A,489,-,-,-,-,-,공용,공용,-,-,신규
,,,부품03,사양B,483,-,-,공용,공용,-,-,-,신규,-,-
,,,부품04,사양A,354,공용,-,-,공용,-,신규,-,-,공용,-
,,,부품04,사양B,421,-,-,-,공용,-,-,-,-,공용,-
,,,부품05,사양A,399,신규,-,공용,신규,-,-,공용,신규,신규,-
,,,부품06,사양A,467,신규,-,공용,-,-,-,신규,신규,-,-
,,,부품07,사양A,269,공용,공용,-,신규,신규,-,-,-,공용,-
,,,부품08,사양A,186,공용,공용,-,-,공용,-,-,공용,신규,-
,,,부품08,사양B,430,신규,-,신규,신규,-,신규,-,-,공용,-
,,,부품09,사양A,329,신규,-,-,-,-,-,-,-,-,-
,,,부품10,사양A,476,-,공용,신규,신규,-,공용,공용,신규,-,공용
의장,시스템02,모듈러007,부품01,사양A,41,공용,신규,-,신규,-,-,-,공용,공용,공용
,,,부품01,사양B,390,-,-,-,신규,-,-,-,-,신규,-
,,,부품02,사양A,173,공용,-,-,-,-,신규,신규,신규,공용,신규
,,,부품03,사양A,78,신규,-,공용,-,-,-,-,-,-,-
,,,부품03,사양B,288,신규,공용,-,-,-,-,신규,-,신규,-
,,,부품04,사양A,390,공용,-,공용,공용,-,-,-,-,-,신규
,,,부품04,사양B,326,-,-,-,-,신규,신규,신규,공용,신규,-
,,,부품05,사양A,374,-,-,공용,공용,신규,-,공용,-,-,-
,,,부품06,사양A,223,-,신규,신규,공용,공용,-,-,공용,-,-
,,,부품07,사양A,416,신규,-,-,-,-,신규,-,공용,-,-
,,,부품07,사양B,353,-,공용,-,공용,신규,-,공용,신규,-,-
,,,부품08,사양A,387,-,-,신규,-,공용,-,신규,신규,-,신규
,,,부품09,사양A,83,-,-,-,신규,-,-,-,공용,-,신규
,,,부품09,사양B,320,-,공용,-,-,-,-,-,신규,-,공용
,,,부품10,사양A,47,-,공용,-,-,-,-,-,공용,-,신규
의장,시스템02,모듈러008,부품01,사양A,105,-,공용,-,-,공용,-,신규,공용,-,-
,,,부품01,사양B,284,-,공용,-,신규,-,신규,-,신규,공용,-
,,,부품02,사양A,365,신규,-,신규,신규,-,-,공용,공용,신규,-
,,,부품02,사양B,110,공용,-,공용,-,-,공용,-,신규,신규,-
,,,부품03,사양A,66,-,-,-,-,신규,-,-,공용,-,-
,,,부품03,사양B,232,-,공용,-,공용,신규,-,-,공용,-,공용
,,,부품04,사양A,435,-,신규,신규,-,-,-,공용,-,-,-
,,,부품04,사양B,484,공용,신규,공용,신규,공용,-,-,공용,-,-
,,,부품05,사양A,13,-,-,-,-,신규,신규,공용,-,신규,-
,,,부품05,사양B,64,공용,공용,-,-,-,공용,신규,-,-,-
,,,부품06,사양A,207,-,-,-,-,공용,공용,-,-,공용,-
,,,부품06,사양B,158,신규,공용,-,공용,-,-,-,신규,신규,-
,,,부품07,사양A,492,-,공용,-,-,-,공용,-,-,신규,-
,,,부품07,사양B,163,-,-,신규,-,신규,-,공용,신규,-,-
,,,부품08,사양A,85,-,-,-,신규,-,-,신규,신규,공용,-
,,,부품08,사양B,108,-,-,-,신규,공용,-,-,-,-,공용
,,,부품09,사양A,431,공용,신규,-,-,공용,-,-,신규,공용,신규
,,,부품09,사양B,456,-,신규,-,신규,-,-,-,-,공용,-
,,,부품10,사양A,341,-,-,신규,-,-,공용,-,-,-,신규
파워트레인,시스템02,모듈러009,부품01,사양A,91,공용,-,신규,-,-,신규,-,신규,공용,공용
,,,부품02,사양A,456,-,신규,신규,-,-,신규,-,공용,신규,-
,,,부품02,사양B,140,신규,공용,신규,-,-,-,공용,-,-,-
,,,부품03,사양A,245,-,-,공용,-,신규,공용,-,신규,-,공용
,,,부품04,사양A,73,신규,-,-,신규,공용,-,신규,신규,신규,신규
,,,부품04,사양B,209,-,-,-,공용,공용,-,-,신규,-,-
,,,부품05,사양A,207,-,-,신규,-,-,-,신규,-,공용,-
,,,부품06,사양A,114,-,신규,공용,-,-,공용,신규,-,-,-
,,,부품07,사양A,60,-,-,공용,-,-,공용,-,-,공용,-
,,,부품07,사양B,497,공용,-,-,-,-,-,신규,-,신규,공용
,,,부품08,사양A,397,신규,-,공용,-,-,공용,-,공용,-,신규
,,,부품09,사양A,206,-,-,-,-,-,신규,-,-,신규,공용
,,,부품09,사양B,183,공용,-,-,신규,신규,신규,공용,신규,-,-
,,,부품10,사양A,491,-,공용,신규,-,-,-,-,-,신규,-
샤시,시스템02,모듈러010,부품01,사양A,89,-,공용,공용,신규,-,공용,-,공용,-,-
,,,부품01,사양B,31,공용,신규,공용,신규,-,-,-,신규,공용,공용
,,,부품02,사양A,72,공용,-,-,-,신규,-,-,공용,신규,-
,,,부품03,사양A,54,-,-,공용,신규,-,공용,공용,-,-,-
,,,부품03,사양B,109,신규,신규,-,-,공용,-,신규,-,-,신규
,,,부품04,사양A,336,-,공용,-,신규,-,신규,-,-,공용,-
,,,부품04,사양B,393,-,공용,공용,공용,-,공용,-,신규,공용,신규
,,,부품05,사양A,175,-,공용,신규,공용,-,신규,-,-,-,-
,,,부품06,사양A,320,신규,-,공용,-,공용,공용,공용,-,-,공용
,,,부품07,사양A,205,-,공용,공용,신규,신규,-,-,-,-,-
,,,부품08,사양A,73,공용,-,-,-,-,-,-,공용,-,-
,,,부품08,사양B,14,신규,-,공용,-,신규,신규,공용,신규,신규,-
,,,부품09,사양A,487,공용,공용,-,-,-,-,신규,-,-,공용
,,,부품10,사양A,195,-,공용,신규,신규,-,-,-,공용,-,신규
파워트레인,시스템03,모듈러011,부품01,사양A,13,신규,-,공용,공용,공용,-,공용,신규,-,신규
,,,부품02,사양A,16,-,-,공용,공용,-,-,신규,-,공용,-
,,,부품02,사양B,57,-,공용,-,신규,-,-,공용,-,-,-
,,,부품03,사양A,304,신규,공용,-,-,공용,-,신규,-,공용,공용
,,,부품03,사양B,10,-,-,-,공용,-,공용,신규,-,-,공용
,,,부품04,사양A,70,-,-,신규,-,신규,-,-,-,-,-
,,,부품05,사양A,323,-,-,-,-,-,공용,신규,공용,-,-
,,,부품05,사양B,388,신규,-,공용,-,공용,공용,-,-,공용,신규
,,,부품06,사양A,99,-,-,-,-,-,-,신규,신규,신규,공용
,,,부품06,사양B,252,신규,-,-,-,-,신규,신규,신규,공용,공용
,,,부품07,사양A,183,공용,신규,공용,신규,신규,신규,-,공용,신규,-
,,,부품07,사양B,493,-,공용,신규,-,-,-,-,-,-,-
,,,부품08,사양A,128,신규,신규,-,-,-,-,공용,-,-,-
,,,부품08,사양B,426,공용,-,-,-,공용,-,공용,-,-,-
,,,부품09,사양A,465,신규,-,-,-,공용,-,신규,신규,-,공용
,,,부품10,사양A,45,-,-,-,-,-,-,-,-,신규,공용
파워트레인,시스템03,모듈러012,부품01,사양A,215,-,-,-,공용,-,-,-,-,공용,신규
,,,부품02,사양A,147,-,공용,신규,-,신규,신규,-,-,-,-
,,,부품02,사양B,384,-,신규,-,신규,-,-,-,공용,공용,-
,,,부품03,사양A,272,공용,-,-,신규,-,-,-,공용,-,-
,,,부품03,사양B,401,신규,신규,신규,-,-,-,-,신규,-,신규
,,,부품04,사양A,198,신규,-,공용,-,신규,-,-,-,신규,-
,,,부품05,사양A,259,-,신규,-,-,-,-,공용,공용,신규,공용
,,,부품06,사양A,265,공용,공용,신규,신규,공용,공용,공용,공용,-,-
,,,부품06,사양B,235,-,-,-,신규,-,-,공용,-,공용,-
,,,부품07,사양A,440,-,신규,공용,신규,-,신규,신규,신규,-,-
,,,부품07,사양B,288,신규,-,-,-,-,-,-,-,공용,-
,,,부품08,사양A,435,-,-,-,-,신규,공용,공용,-,-,신규
,,,부품09,사양A,310,신규,-,공용,-,공용,공용,-,-,-,-
,,,부품10,사양A,187,-,신규,-,공용,-,공용,신규,-,공용,공용
파워트레인,시스템03,모듈러013,부품01,사양A,173,-,-,-,-,-,-,-,-,신규,-
,,,부품01,사양B,302,신규,-,-,-,-,공용,신규,-,-,-
,,,부품02,사양A,15,-,신규,-,공용,신규,-,-,공용,공용,-
,,,부품02,사양B,41,-,공용,-,신규,-,-,-,-,신규,-
,,,부품03,사양A,25,공용,공용,공용,-,-,-,신규,-,-,-
,,,부품03,사양B,365,-,-,-,-,-,-,신규,-,신규,-
,,,부품04,사양A,136,-,-,-,신규,신규,-,-,공용,공용,공용
,,,부품05,사양A,98,-,신규,-,-,신규,-,공용,-,-,공용
,,,부품05,사양B,180,-,신규,-,-,신규,공용,-,공용,-,신규
,,,부품06,사양A,309,-,신규,-,공용,공용,-,-,공용,공용,신규
,,,부품06,사양B,147,공용,-,-,-,공용,신규,공용,공용,-,신규
,,,부품07,사양A,333,-,-,신규,신규,공용,-,-,신규,공용,-
,,,부품08,사양A,361,공용,-,신규,-,-,-,신규,-,-,-
,,,부품09,사양A,155,-,-,-,-,공용,신규,-,-,-,-
,,,부품09,사양B,384,-,-,공용,-,공용,공용,공용,-,공용,-
,,,부품10,사양A,137,신규,-,-,-,-,신규,-,-,-,신규
샤시,시스템03,모듈러014,부품01,사양A,231,공용,-,신규,-,-,-,-,-,공용,-
,,,부품02,사양A,252,-,-,-,공용,-,공용,-,신규,-,신규
,,,부품02,사양B,34,-,-,-,-,-,-,-,-,-,신규
,,,부품03,사양A,231,-,신규,공용,-,신규,-,신규,-,신규,-
,,,부품04,사양A,311,-,-,-,신규,신규,-,-,공용,-,신규
,,,부품05,사양A,495,공용,-,신규,공용,-,-,-,-,-,-
,,,부품06,사양A,184,-,-,-,-,-,-,공용,신규,신규,-
,,,부품07,사양A,400,공용,신규,-,-,-,신규,-,-,-,공용
,,,부품07,사양B,189,-,-,공용,-,신규,-,-,신규,공용,-
,,,부품08,사양A,65,신규,-,공용,-,-,-,공용,-,-,-
,,,부품09,사양A,149,신규,-,-,신규,신규,신규,-,-,-,-
,,,부품10,사양A,273,신규,신규,신규,-,-,-,-,공용,-,신규
,,,부품10,사양B,467,신규,-,-,-,-,신규,-,-,-,신규
파워트레인,시스템03,모듈러015,부품01,사양A,210,공용,-,-,공용,공용,신규,-,신규,신규,공용
,,,부품02,사양A,229,-,-,-,신규,-,공용,-,-,공용,-
,,,부품03,사양A,73,-,공용,-,-,-,-,신규,-,-,-
,,,부품04,사양A,256,-,-,-,-,공용,-,-,-,-,-
,,,부품05,사양A,220,신규,-,공용,공용,-,신규,-,-,-,신규
,,,부품06,사양A,442,-,공용,-,공용,공용,-,공용,-,-,공용
,,,부품07,사양A,144,공용,공용,신규,-,공용,-,-,-,-,신규
,,,부품08,사양A,333,-,공용,-,신규,공용,공용,-,-,-,-
,,,부품09,사양A,33,-,-,-,-,-,신규,-,-,공용,-
,,,부품10,사양A,375,공용,신규,-,공용,-,공용,-,-,-,공용
,,,부품10,사양B,456,공용,신규,-,-,신규,-,-,공용,-,신규
바디,시스템04,모듈러016,부품01,사양A,26,-,-,-,-,-,-,-,공용,신규,공용
,,,부품02,사양A,452,-,-,-,공용,-,-,-,-,신규,-
,,,부품02,사양B,298,-,-,-,-,-,-,-,-,-,-
,,,부품03,사양A,192,-,신규,공용,-,-,공용,-,-,-,-
,,,부품03,사양B,434,-,-,-,-,-,신규,-,-,공용,-
,,,부품04,사양A,180,공용,신규,-,-,공용,공용,-,-,공용,-
,,,부품04,사양B,400,-,공용,-,-,-,신규,-,-,신규,신규
,,,부품05,사양A,158,-,신규,신규,-,공용,신규,공용,-,공용,-
,,,부품05,사양B,175,신규,-,신규,-,-,신규,-,-,-,공용
,,,부품06,사양A,357,신규,공용,-,-,-,-,-,-,공용,신규
,,,부품07,사양A,305,-,-,공용,공용,-,신규,신규,-,공용,-
,,,부품07,사양B,191,신규,-,-,공용,-,-,-,-,-,공용
,,,부품08,사양A,495,-,-,공용,공용,-,공용,-,공용,-,-
,,,부품09,사양A,30,공용,신규,-,-,-,-,공용,-,신규,-
,,,부품10,사양A,344,공용,-,신규,-,-,-,-,-,-,-
,,,부품10,사양B,16,-,-,-,-,-,-,신규,-,신규,-
바디,시스템04,모듈러017,부품01,사양A,430,신규,신규,-,-,신규,공용,-,신규,-,-
,,,부품02,사양A,233,-,신규,공용,신규,신규,-,공용,-,-,공용
,,,부품02,사양B,480,공용,공용,-,-,-,-,-,-,-,-
,,,부품03,사양A,197,-,-,-,-,-,-,-,-,-,공용
,,,부품03,사양B,14,-,신규,-,신규,-,공용,공용,-,신규,신규
,,,부품04,사양A,36,-,-,-,-,공용,-,공용,-,-,신규
,,,부품04,사양B,41,공용,-,-,-,-,-,-,-,-,-
,,,부품05,사양A,82,-,-,공용,신규,-,공용,공용,-,-,공용
,,,부품05,사양B,494,공용,공용,-,-,공용,-,-,-,-,신규
,,,부품06,사양A,358,-,공용,-,신규,-,-,공용,-,-,공용
,,,부품06,사양B,291,-,신규,-,-,공용,신규,-,신규,-,-
,,,부품07,사양A,173,-,-,-,신규,공용,-,신규,-,신규,공용
,,,부품08,사양A,77,-,신규,공용,-,신규,-,신규,-,공용,공용
,,,부품08,사양B,322,신규,공용,-,-,-,신규,-,-,-,-
,,,부품09,사양A,269,신규,-,-,-,신규,-,-,-,공용,-
,,,부품09,사양B,320,-,-,신규,-,-,-,공용,-,신규,신규
,,,부품10,사양A,93,-,-,-,공용,-,-,공용,-,공용,-
전장,시스템04,모듈러018,부품01,사양A,138,공용,-,신규,-,-,-,-,-,-,신규
,,,부품02,사양A,118,-,공용,공용,신규,-,신규,신규,-,신규,신규
,,,부품02,사양B,135,신규,공용,신규,신규,-,신규,-,-,-,신규
,,,부품03,사양A,33,신규,-,-,-,-,공용,-,공용,공용,신규
,,,부품03,사양B,114,-,공용,-,-,-,-,신규,신규,공용,신규
,,,부품04,사양A,470,공용,공용,-,-,-,-,-,-,-,-
,,,부품05,사양A,37,신규,-,-,-,공용,신규,-,-,공용,신규
,,,부품06,사양A,173,공용,-,공용,-,신규,-,-,-,-,신규
,,,부품06,사양B,309,-,-,공용,-,공용,-,-,-,공용,신규
,,,부품07,사양A,153,공용,-,공용,공용,-,-,-,-,-,신규
,,,부품07,사양B,205,-,공용,-,-,-,-,공용,신규,신규,-
,,,부품08,사양A,264,신규,신규,공용,-,-,신규,신규,-,-,-
,,,부품08,사양B,429,공용,공용,-,-,신규,-,공용,-,-,-
,,,부품09,사양A,354,-,공용,공용,공용,공용,-,신규,신규,-,-
,,,부품09,사양B,213,-,-,신규,-,공용,-,신규,-,신규,공용
,,,부품10,사양A,135,공용,-,신규,-,신규,신규,-,-,신규,신규
,,,부품10,사양B,203,공용,신규,-,-,신규,-,-,-,공용,공용
파워트레인,시스템04,모듈러019,부품01,사양A,337,신규,신규,-,공용,-,-,-,신규,공용,-
,,,부품01,사양B,73,신규,-,공용,신규,-,신규,-,-,-,신규
,,,부품02,사양A,34,-,신규,-,-,-,-,-,공용,신규,-
,,,부품02,사양B,246,-,-,공용,공용,-,-,-,-,-,공용
,,,부품03,사양A,466,-,-,-,-,-,-,공용,공용,-,-
,,,부품03,사양B,147,-,-,-,-,-,신규,신규,-,-,-
,,,부품04,사양A,463,공용,신규,-,-,신규,-,-,공용,신규,-
,,,부품05,사양A,237,신규,-,신규,신규,-,공용,공용,-,-,-
,,,부품06,사양A,402,-,-,신규,신규,-,-,-,-,신규,-
,,,부품06,사양B,150,-,-,-,-,-,-,-,-,-,-
,,,부품07,사양A,345,-,-,-,신규,-,-,공용,-,-,-
,,,부품07,사양B,202,-,신규,-,-,-,-,-,-,신규,-
,,,부품08,사양A,310,-,신규,-,신규,신규,공용,공용,-,-,공용
,,,부품09,사양A,163,-,-,신규,-,공용,-,-,신규,공용,-
,,,부품10,사양A,406,-,-,-,-,-,-,-,신규,-,공용
,,,부품10,사양B,62,신규,신규,신규,공용,-,신규,-,-,-,공용
바디,시스템04,모듈러020,부품01,사양A,39,-,-,-,-,-,신규,-,-,-,신규
,,,부품02,사양A,488,-,-,신규,-,-,-,-,신규,-,-
,,,부품02,사양B,211,신규,-,-,-,-,-,-,공용,-,-
,,,부품03,사양A,361,-,공용,-,-,공용,-,-,-,-,-
,,,부품04,사양A,244,신규,신규,신규,-,-,신규,신규,-,-,공용
,,,부품04,사양B,283,-,신규,-,-,-,-,-,-,-,공용
,,,부품05,사양A,263,-,공용,-,신규,-,-,-,-,신규,-
,,,부품05,사양B,457,-,-,-,공용,신규,신규,공용,신규,-,-
,,,부품06,사양A,184,신규,신규,-,-,-,신규,-,-,-,-
,,,부품07,사양A,27,신규,-,-,-,-,공용,공용,-,-,-
,,,부품08,사양A,218,-,신규,신규,신규,공용,-,-,-,신규,공용
,,,부품09,사양A,403,-,-,신규,공용,-,-,-,신규,-,-
,,,부품10,사양A,426,신규,-,-,-,-,공용,공용,공용,신규,-
,,,부품10,사양B,42,공용,공용,공용,공용,-,신규,신규,-,-,신규
바디,시스템05,모듈러021,부품01,사양A,217,신규,-,신규,-,-,-,-,공용,-,신규
,,,부품01,사양B,441,-,-,-,신규,신규,-,-,공용,-,-
,,,부품02,사양A,214,-,공용,신규,공용,신규,-,-,신규,-,신규
,,,부품03,사양A,416,-,-,-,신규,-,-,-,-,신규,신규
,,,부품03,사양B,71,신규,-,-,-,-,신규,신규,-,-,-
,,,부품04,사양A,142,공용,공용,-,-,공용,-,공용,-,-,-
,,,부품05,사양A,33,-,-,-,공용,-,-,-,-,-,신규
,,,부품06,사양A,488,-,-,-,공용,공용,신규,-,공용,신규,공용
,,,부품06,사양B,375,공용,-,-,-,공용,-,-,-,-,신규
,,,부품07,사양A,182,-,공용,-,신규,신규,신규,공용,-,신규,신규
,,,부품08,사양A,452,-,공용,-,-,-,-,신규,-,-,-
,,,부품09,사양A,183,-,-,공용,-,-,공용,-,-,-,-
,,,부품10,사양A,486,-,-,-,공용,-,공용,-,-,-,신규
바디,시스템05,모듈러022,부품01,사양A,25,-,신규,신규,-,-,신규,공용,공용,공용,신규
,,,부품02,사양A,210,신규,-,공용,-,-,신규,-,-,-,공용
,,,부품03,사양A,248,신규,-,-,신규,신규,-,신규,-,공용,-
,,,부품04,사양A,266,공용,-,공용,-,-,공용,-,신규,-,신규
,,,부품04,사양B,356,-,-,-,-,신규,-,-,-,공용,-
,,,부품05,사양A,170,신규,-,신규,-,-,공용,-,-,공용,-
,,,부품06,사양A,30,신규,공용,신규,-,공용,-,-,공용,신규,공용
,,,부품06,사양B,490,공용,신규,신규,-,-,-,신규,-,신규,신규
,,,부품07,사양A,313,공용,공용,-,신규,-,공용,신규,-,-,-
,,,부품08,사양A,216,-,-,신규,신규,-,-,-,공용,-,공용
,,,부품08,사양B,401,공용,신규,-,-,-,-,공용,신규,-,공용
,,,부품09,사양A,434,-,-,공용,-,-,-,-,신규,-,-
,,,부품09,사양B,470,공용,-,-,신규,-,-,-,-,-,-
,,,부품10,사양A,348,-,-,신규,-,공용,신규,공용,신규,신규,공용
,,,부품10,사양B,442,-,-,-,-,-,-,신규,-,-,공용
전장,시스템05,모듈러023,부품01,사양A,67,-,-,공용,신규,신규,신규,신규,-,-,신규
,,,부품01,사양B,153,-,신규,-,-,-,공용,공용,-,-,-
,,,부품02,사양A,277,-,-,-,-,-,신규,-,-,신규,공용
,,,부품03,사양A,270,-,신규,-,신규,-,-,-,-,신규,-
,,,부품03,사양B,16,-,-,-,-,-,-,-,-,-,-
,,,부품04,사양A,26,-,-,신규,공용,-,공용,공용,공용,공용,공용
,,,부품04,사양B,432,신규,신규,-,신규,-,신규,신규,신규,-,신규
,,,부품05,사양A,346,공용,공용,공용,-,-,공용,-,신규,-,-
,,,부품05,사양B,213,공용,공용,신규,-,-,-,-,-,-,신규
,,,부품06,사양A,26,신규,-,공용,-,-,-,-,-,신규,-
,,,부품07,사양A,156,공용,공용,공용,-,-,-,-,-,-,-
,,,부품08,사양A,238,-,신규,공용,-,-,신규,신규,-,-,-
,,,부품09,사양A,244,-,-,-,-,-,-,-,신규,-,신규
,,,부품09,사양B,95,공용,-,-,공용,-,-,신규,-,신규,공용
,,,부품10,사양A,272,-,-,공용,-,-,공용,신규,공용,-,공용
,,,부품10,사양B,134,-,공용,신규,신규,신규,-,-,-,신규,신규
의장,시스템05,모듈러024,부품01,사양A,129,-,공용,-,-,신규,신규,-,-,신규,신규
,,,부품02,사양A,307,신규,-,공용,-,-,-,-,-,공용,-
,,,부품03,사양A,129,-,-,신규,-,신규,공용,공용,공용,-,신규
,,,부품03,사양B,363,공용,-,-,-,-,-,신규,신규,공용,-
,,,부품04,사양A,193,신규,-,-,공용,-,-,신규,-,-,-
,,,부품05,사양A,16,-,-,-,공용,-,-,-,-,-,공용
,,,부품05,사양B,185,공용,공용,신규,신규,-,-,-,신규,신규,-
,,,부품06,사양A,187,-,-,신규,신규,-,공용,공용,-,-,-
,,,부품07,사양A,66,-,공용,-,공용,신규,-,신규,-,-,공용
,,,부품08,사양A,16,-,-,공용,공용,-,-,-,신규,-,신규
,,,부품08,사양B,330,신규,-,신규,신규,-,-,공용,-,-,-
,,,부품09,사양A,222,신규,-,공용,신규,신규,-,-,-,공용,-
,,,부품09,사양B,233,신규,신규,공용,신규,-,-,-,신규,-,-
,,,부품10,사양A,272,-,-,-,-,신규,-,공용,공용,-,신규
,,,부품10,사양B,297,-,신규,-,신규,-,-,공용,-,신규,신규
파워트레인,시스템05,모듈러025,부품01,사양A,236,공용,신규,-,-,신규,-,신규,공용,-,-
,,,부품02,사양A,197,-,신규,신규,신규,-,-,공용,-,-,-
,,,부품03,사양A,288,-,-,-,-,-,-,-,신규,공용,공용
,,,부품04,사양A,140,-,신규,-,-,-,-,-,-,신규,공용
,,,부품04,사양B,233,-,공용,-,신규,-,공용,공용,신규,-,-
,,,부품05,사양A,191,-,신규,-,-,신규,-,신규,-,공용,신규
,,,부품06,사양A,420,공용,-,공용,-,-,신규,-,신규,-,-
,,,부품07,사양A,461,신규,신규,공용,공용,공용,-,공용,공용,-,공용
,,,부품07,사양B,199,-,-,-,-,-,공용,신규,공용,-,-
,,,부품08,사양A,126,신규,신규,-,-,신규,-,공용,-,-,공용
,,,부품09,사양A,178,-,-,-,-,-,-,-,공용,-,-
,,,부품10,사양A,169,-,공용,-,-,-,신규,신규,-,공용,-
,,,부품10,사양B,453,-,신규,신규,공용,-,신규,공용,-,신규,신규
샤시,시스템06,모듈러026,부품01,사양A,97,-,신규,-,공용,-,-,공용,-,-,-
,,,부품02,사양A,418,-,-,-,신규,공용,신규,공용,공용,-,신규
,,,부품02,사양B,496,공용,-,-,-,-,-,-,공용,-,-
,,,부품03,사양A,305,-,-,-,-,-,공용,-,신규,-,신규
,,,부품04,사양A,423,-,공용,-,공용,-,-,-,신규,-,공용
,,,부품04,사양B,178,-,공용,공용,공용,-,공용,신규,-,-,-
,,,부품05,사양A,323,-,신규,신규,-,-,공용,공용,공용,-,-
,,,부품05,사양B,445,-,신규,공용,공용,-,신규,-,-,-,-
,,,부품06,사양A,266,-,-,신규,-,공용,-,-,-,-,-
,,,부품07,사양A,297,-,-,-,공용,-,-,공용,공용,신규,-
,,,부품08,사양A,306,-,-,신규,-,신규,-,공용,공용,신규,공용
,,,부품09,사양A,468,신규,-,공용,-,공용,신규,-,-,-,공용
,,,부품09,사양B,16,공용,-,신규,-,-,-,-,-,-,-
,,,부품10,사양A,479,공용,공용,-,공용,신규,-,-,-,-,-
의장,시스템06,모듈러027,부품01,사양A,287,신규,-,신규,공용,-,-,공용,공용,-,신규
,,,부품02,사양A,183,-,공용,-,공용,-,-,-,공용,신규,신규
,,,부품02,사양B,189,-,공용,신규,공용,공용,-,신규,공용,-,-
,,,부품03,사양A,340,-,-,-,-,신규,-,신규,-,-,-
,,,부품03,사양B,129,-,공용,신규,-,-,공용,-,신규,-,-
,,,부품04,사양A,477,-,-,-,-,-,-,신규,공용,-,공용
,,,부품04,사양B,486,신규,공용,-,공용,신규,공용,-,신규,신규,공용
,,,부품05,사양A,348,신규,신규,-,신규,-,공용,공용,공용,-,공용
,,,부품06,사양A,96,신규,-,신규,-,-,신규,-,-,신규,신규
,,,부품06,사양B,215,-,-,공용,-,-,신규,-,공용,-,공용
,,,부품07,사양A,192,신규,-,-,-,-,공용,-,공용,-,-
,,,부품08,사양A,80,-,-,-,-,신규,-,-,-,-,-
,,,부품08,사양B,127,-,-,신규,-,공용,공용,-,-,-,-
,,,부품09,사양A,11,-,공용,-,공용,-,-,공용,-,-,-
,,,부품09,사양B,188,공용,공용,공용,공용,-,공용,-,-,-,신규
,,,부품10,사양A,84,공용,공용,-,-,공용,-,신규,-,-,-
,,,부품10,사양B,144,-,-,공용,-,공용,-,-,공용,-,-
파워트레인,시스템06,모듈러028,부품01,사양A,50,-,-,신규,신규,-,-,-,-,-,-
,,,부품02,사양A,93,-,-,-,공용,-,공용,-,신규,-,-
,,,부품02,사양B,429,신규,공용,-,-,공용,-,공용,-,신규,-
,,,부품03,사양A,349,공용,-,-,신규,-,-,-,-,공용,공용
,,,부품04,사양A,66,신규,-,-,공용,공용,-,-,-,-,신규
,,,부품05,사양A,388,공용,-,공용,신규,신규,-,-,공용,-,-
,,,부품05,사양B,33,신규,신규,신규,-,신규,-,-,-,신규,-
,,,부품06,사양A,143,-,-,신규,공용,-,신규,-,-,-,-
,,,부품06,사양B,122,공용,-,-,-,-,-,-,공용,-,공용
,,,부품07,사양A,198,-,공용,-,신규,-,-,-,-,-,공용
,,,부품08,사양A,333,-,-,공용,-,-,-,-,-,-,-
,,,부품08,사양B,50,-,신규,공용,공용,-,신규,신규,-,신규,신규
,,,부품09,사양A,470,신규,공용,-,공용,-,-,-,-,-,공용
,,,부품10,사양A,110,-,공용,신규,-,신규,-,신규,공용,-,-
샤시,시스템06,모듈러029,부품01,사양A,220,-,-,신규,-,-,-,-,-,신규,-
,,,부품01,사양B,187,-,-,-,-,신규,-,-,-,-,신규
,,,부품02,사양A,280,신규,신규,-,신규,신규,-,-,신규,공용,-
,,,부품03,사양A,412,신규,-,-,신규,-,-,신규,-,-,-
,,,부품04,사양A,365,신규,신규,-,공용,-,-,-,신규,-,공용
,,,부품05,사양A,304,-,-,신규,-,-,-,신규,신규,-,신규
,,,부품05,사양B,99,-,-,신규,공용,-,-,공용,-,-,공용
,,,부품06,사양A,85,-,신규,신규,신규,-,신규,공용,-,-,-
,,,부품06,사양B,45,-,신규,-,-,-,-,-,신규,공용,-
,,,부품07,사양A,205,-,신규,공용,공용,신규,공용,공용,공용,-,-
,,,부품07,사양B,133,-,-,신규,신규,신규,-,신규,공용,신규,공용
,,,부품08,사양A,325,-,-,-,신규,-,-,신규,-,-,신규
,,,부품08,사양B,231,-,-,신규,-,신규,-,-,-,-,-
,,,부품09,사양A,397,-,-,공용,-,-,-,-,공용,-,공용
,,,부품10,사양A,257,신규,-,-,-,공용,-,-,신규,신규,-
전장,시스템06,모듈러030,부품01,사양A,370,-,-,-,-,-,신규,-,공용,-,신규
,,,부품02,사양A,141,공용,-,-,-,-,-,-,-,-,신규
,,,부품03,사양A,391,공용,-,-,신규,신규,-,-,공용,공용,-
,,,부품04,사양A,127,-,-,-,-,-,-,신규,-,공용,-
,,,부품04,사양B,14,공용,-,-,-,-,신규,공용,-,공용,-
,,,부품05,사양A,196,-,신규,-,공용,신규,신규,-,-,-,신규
,,,부품05,사양B,196,-,공용,공용,신규,-,-,-,-,신규,공용
,,,부품06,사양A,429,-,공용,공용,신규,-,신규,-,공용,신규,-
,,,부품06,사양B,424,-,공용,공용,공용,-,공용,신규,신규,신규,-
,,,부품07,사양A,197,신규,신규,-,공용,-,-,공용,-,공용,공용
,,,부품07,사양B,307,공용,-,-,-,-,-,신규,-,-,공용
,,,부품08,사양A,61,신규,-,-,-,-,-,-,신규,-,-
,,,부품08,사양B,380,-,공용,-,신규,-,-,신규,-,-,신규
,,,부품09,사양A,266,-,-,-,신규,공용,-,공용,공용,신규,-
,,,부품10,사양A,490,-,-,-,-,신규,-,-,-,-,-
,,,부품10,사양B,31,-,-,신규,-,공용,-,신규,공용,-,신규
파워트레인,시스템07,모듈러031,부품01,사양A,495,-,-,공용,-,신규,공용,공용,공용,-,-
,,,부품02,사양A,335,공용,-,-,신규,공용,-,공용,신규,신규,신규
,,,부품02,사양B,430,-,공용,-,-,신규,신규,-,신규,신규,공용
,,,부품03,사양A,224,공용,-,공용,-,-,-,-,신규,-,공용
,,,부품04,사양A,50,공용,-,-,-,-,신규,-,-,-,-
,,,부품05,사양A,493,공용,-,공용,-,-,-,-,-,신규,-
,,,부품06,사양A,173,-,-,-,-,-,신규,-,신규,공용,신규
,,,부품06,사양B,298,공용,공용,신규,-,신규,-,-,-,-,공용
,,,부품07,사양A,313,-,공용,신규,-,공용,-,-,신규,-,-
,,,부품07,사양B,301,공용,신규,공용,-,-,-,-,-,신규,-
,,,부품08,사양A,236,-,-,-,-,-,-,-,-,-,신규
,,,부품08,사양B,381,-,신규,-,-,공용,신규,-,공용,-,-
,,,부품09,사양A,191,공용,신규,신규,-,공용,공용,신규,-,-,공용
,,,부품09,사양B,392,-,공용,공용,-,-,-,-,-,-,공용
,,,부품10,사양A,484,-,-,공용,-,공용,공용,공용,-,-,-
,,,부품10,사양B,12,-,신규,-,신규,공용,-,신규,-,-,-
파워트레인,시스템07,모듈러032,부품01,사양A,219,-,신규,-,공용,공용,-,-,공용,-,-
,,,부품01,사양B,15,-,-,-,신규,신규,신규,-,-,신규,신규
,,,부품02,사양A,237,공용,-,-,-,-,-,-,신규,-,-
,,,부품02,사양B,178,-,-,신규,-,-,신규,공용,-,-,-
,,,부품03,사양A,403,신규,신규,-,-,신규,-,-,공용,공용,공용
,,,부품04,사양A,406,-,-,-,신규,-,신규,-,-,-,-
,,,부품05,사양A,259,-,-,-,-,-,신규,공용,-,-,-
,,,부품05,사양B,242,-,-,공용,-,-,-,-,-,-,-
,,,부품06,사양A,172,-,공용,-,신규,-,공용,신규,신규,신규,신규
,,,부품07,사양A,287,-,-,신규,신규,-,-,-,-,-,-
,,,부품08,사양A,196,-,-,-,-,공용,-,-,-,-,-
,,,부품08,사양B,228,-,-,공용,-,공용,-,공용,공용,-,공용
,,,부품09,사양A,399,공용,-,-,공용,-,신규,-,공용,공용,-
,,,부품10,사양A,217,-,공용,공용,-,-,공용,공용,-,-,공용
샤시,시스템07,모듈러033,부품01,사양A,198,공용,공용,공용,신규,공용,신규,-,-,공용,공용
,,,부품01,사양B,23,공용,공용,-,-,-,공용,공용,공용,공용,-
,,,부품02,사양A,386,-,-,신규,-,-,신규,공용,공용,-,-
,,,부품03,사양A,457,-,공용,-,-,공용,-,-,-,-,-
,,,부품03,사양B,317,-,공용,-,신규,신규,-,-,신규,-,-
,,,부품04,사양A,417,-,-,-,공용,공용,-,-,-,-,신규
,,,부품04,사양B,302,-,신규,-,공용,-,공용,신규,공용,-,공용
,,,부품05,사양A,326,-,-,-,신규,-,-,신규,-,-,-
,,,부품06,사양A,478,신규,신규,-,신규,공용,-,공용,신규,공용,-
,,,부품07,사양A,68,공용,공용,-,-,-,공용,-,-,공용,-
,,,부품07,사양B,115,신규,신규,-,-,-,-,신규,-,신규,공용
,,,부품08,사양A,94,-,-,-,-,공용,신규,공용,-,-,신규
,,,부품09,사양A,60,공용,-,공용,신규,-,신규,-,-,-,신규
,,,부품09,사양B,491,-,-,-,공용,신규,-,-,-,-,-
,,,부품10,사양A,410,-,-,-,-,-,-,공용,공용,-,공용
바디,시스템07,모듈러034,부품01,사양A,254,-,공용,-,-,-,-,-,-,-,-
,,,부품01,사양B,325,-,-,-,-,-,-,-,-,-,-
,,,부품02,사양A,340,신규,-,신규,-,-,-,-,-,신규,-
,,,부품02,사양B,178,-,-,신규,-,-,공용,-,신규,신규,-
,,,부품03,사양A,360,-,신규,-,-,-,-,신규,-,-,-
,,,부품03,사양B,58,-,-,-,공용,-,-,공용,-,-,-
,,,부품04,사양A,179,신규,신규,공용,-,공용,-,-,공용,신규,-
,,,부품04,사양B,255,신규,공용,신규,공용,-,신규,신규,-,신규,-
,,,부품05,사양A,347,-,-,-,-,-,신규,공용,-,-,-
,,,부품05,사양B,113,신규,-,-,신규,공용,-,-,신규,-,공용
,,,부품06,사양A,484,신규,공용,-,-,신규,-,공용,신규,공용,-
,,,부품06,사양B,132,신규,신규,공용,-,-,신규,-,-,-,신규
,,,부품07,사양A,174,공용,-,신규,-,-,신규,신규,신규,신규,-
,,,부품08,사양A,345,신규,공용,-,-,-,-,-,-,-,신규
,,,부품08,사양B,10,-,공용,신규,-,공용,공용,신규,공용,-,-
,,,부품09,사양A,469,-,신규,신규,-,-,-,-,-,공용,신규
,,,부품10,사양A,62,신규,-,신규,-,-,공용,공용,공용,신규,-
,,,부품10,사양B,476,-,신규,-,신규,-,공용,신규,-,-,공용
샤시,시스템07,모듈러035,부품01,사양A,64,신규,-,-,-,신규,공용,-,공용,신규,-
,,,부품02,사양A,362,-,공용,신규,-,공용,신규,-,공용,-,신규
,,,부품02,사양B,378,-,-,-,-,-,-,-,-,-,-
,,,부품03,사양A,390,신규,신규,-,-,공용,-,신규,신규,공용,-
,,,부품04,사양A,185,-,공용,-,-,신규,-,-,-,-,-
,,,부품04,사양B,338,공용,-,신규,-,-,신규,공용,-,신규,-
,,,부품05,사양A,173,공용,-,-,-,신규,-,공용,신규,-,-
,,,부품06,사양A,469,공용,-,-,신규,공용,공용,-,-,-,신규
,,,부품07,사양A,267,-,-,공용,-,-,-,공용,-,-,공용
,,,부품07,사양B,337,-,신규,신규,공용,-,-,-,공용,-,-
,,,부품08,사양A,157,-,-,-,-,-,공용,-,-,-,신규
,,,부품09,사양A,39,-,신규,공용,-,공용,-,신규,-,-,-
,,,부품10,사양A,141,신규,공용,-,-,공용,공용,신규,신규,-,공용
,,,부품10,사양B,194,신규,-,-,공용,-,-,신규,-,-,신규
샤시,시스템08,모듈러036,부품01,사양A,121,-,-,-,공용,신규,공용,-,신규,-,-
,,,부품01,사양B,346,-,-,-,-,-,-,-,-,-,공용
,,,부품02,사양A,479,신규,-,공용,-,공용,신규,신규,신규,신규,공용
,,,부품02,사양B,140,-,공용,-,-,-,신규,-,-,신규,공용
,,,부품03,사양A,24,-,-,-,-,-,-,-,-,-,-
,,,부품04,사양A,126,-,공용,공용,-,신규,-,공용,-,-,공용
,,,부품05,사양A,27,신규,-,-,-,신규,-,-,-,-,신규
,,,부품05,사양B,115,-,-,신규,-,공용,공용,신규,-,-,공용
,,,부품06,사양A,337,-,-,-,-,-,신규,-,-,-,-
,,,부품06,사양B,269,-,공용,신규,-,-,-,-,-,신규,신규
,,,부품07,사양A,460,-,-,-,-,-,-,-,-,-,-
,,,부품08,사양A,425,-,-,-,-,신규,-,-,-,-,-
,,,부품09,사양A,441,-,신규,-,-,-,-,-,공용,-,공용
,,,부품10,사양A,25,-,공용,-,-,-,신규,-,-,신규,-
,,,부품10,사양B,327,-,-,신규,신규,신규,공용,-,-,-,신규
샤시,시스템08,모듈러037,부품01,사양A,280,-,-,신규,-,신규,공용,-,-,신규,신규
,,,부품02,사양A,422,-,-,-,-,공용,신규,-,신규,-,-
,,,부품03,사양A,330,신규,-,공용,신규,-,신규,신규,-,-,-
,,,부품04,사양A,193,-,신규,공용,공용,-,-,신규,-,-,-
,,,부품05,사양A,151,-,-,공용,-,신규,신규,-,-,공용,-
,,,부품06,사양A,263,-,-,-,공용,-,-,-,공용,-,-
,,,부품07,사양A,69,-,-,-,-,-,-,신규,-,-,공용
,,,부품07,사양B,438,-,-,-,-,-,-,신규,-,신규,신규
,,,부품08,사양A,394,-,-,신규,-,-,공용,공용,공용,공용,-
,,,부품08,사양B,136,-,-,공용,-,공용,신규,-,공용,-,-
,,,부품09,사양A,163,신규,신규,-,신규,-,-,-,-,공용,-
,,,부품09,사양B,99,-,공용,-,-,-,-,-,신규,공용,-
,,,부품10,사양A,39,공용,-,-,-,-,-,-,-,-,-
,,,부품10,사양B,327,공용,신규,신규,신규,-,공용,-,-,-,-
샤시,시스템08,모듈러038,부품01,사양A,392,-,공용,-,공용,-,공용,신규,-,-,-
,,,부품01,사양B,82,-,신규,-,-,공용,-,-,공용,신규,공용
,,,부품02,사양A,128,신규,신규,-,-,-,-,-,공용,-,-
,,,부품02,사양B,434,-,-,-,-,-,-,공용,신규,공용,-
,,,부품03,사양A,12,-,-,공용,-,-,신규,신규,신규,-,-
,,,부품04,사양A,208,-,공용,공용,신규,-,-,신규,공용,공용,공용
,,,부품04,사양B,311,-,공용,-,공용,신규,신규,공용,-,신규,공용
,,,부품05,사양A,289,-,-,-,신규,공용,공용,-,-,-,-
,,,부품05,사양B,469,-,-,신규,공용,공용,-,-,공용,-,신규
,,,부품06,사양A,432,-,-,신규,-,공용,-,-,-,-,공용
,,,부품07,사양A,146,-,공용,-,-,공용,-,-,공용,-,공용
,,,부품08,사양A,55,-,-,신규,-,-,공용,-,신규,-,-
,,,부품08,사양B,34,-,공용,-,-,-,신규,-,-,신규,신규
,,,부품09,사양A,310,-,공용,공용,-,공용,신규,-,-,신규,-
,,,부품09,사양B,66,-,공용,신규,-,-,신규,신규,-,-,신규
,,,부품10,사양A,243,-,신규,-,신규,-,신규,공용,-,-,공용
샤시,시스템08,모듈러039,부품01,사양A,234,-,신규,신규,공용,-,공용,-,-,신규,신규
,,,부품02,사양A,71,신규,-,-,-,신규,-,공용,공용,-,-
,,,부품02,사양B,360,신규,-,-,-,신규,공용,-,신규,-,신규
,,,부품03,사양A,471,-,공용,공용,-,-,신규,-,공용,-,-
,,,부품04,사양A,112,공용,신규,-,신규,공용,공용,공용,-,신규,공용
,,,부품04,사양B,403,-,-,공용,공용,공용,-,-,-,-,-
,,,부품05,사양A,231,-,신규,-,공용,신규,-,-,신규,-,공용
,,,부품06,사양A,471,-,-,신규,-,-,공용,-,신규,-,공용
,,,부품06,사양B,264,공용,신규,신규,신규,공용,-,-,-,공용,-
,,,부품07,사양A,317,공용,-,-,-,-,-,공용,-,-,-
,,,부품08,사양A,27,-,신규,공용,신규,공용,-,-,-,-,-
,,,부품08,사양B,290,-,-,신규,-,공용,-,-,-,-,-
,,,부품09,사양A,313,-,공용,공용,-,-,신규,공용,-,-,신규
,,,부품10,사양A,431,신규,-,-,공용,-,-,-,신규,-,공용
,,,부품10,사양B,416,-,-,-,신규,-,-,-,-,-,-
샤시,시스템08,모듈러040,부품01,사양A,278,-,공용,-,-,-,-,-,공용,공용,신규
,,,부품01,사양B,346,공용,-,-,-,-,-,공용,-,-,공용
,,,부품02,사양A,233,공용,신규,-,신규,신규,-,신규,-,-,공용
,,,부품03,사양A,166,-,공용,공용,신규,-,-,공용,공용,신규,신규
,,,부품04,사양A,124,-,-,-,공용,-,공용,-,공용,공용,-
,,,부품04,사양B,487,신규,신규,-,-,공용,-,공용,-,-,-
,,,부품05,사양A,185,-,공용,-,-,공용,신규,-,-,-,신규
,,,부품05,사양B,401,-,-,-,신규,공용,-,신규,공용,신규,-
,,,부품06,사양A,424,-,-,공용,-,공용,-,-,신규,-,-
,,,부품06,사양B,329,-,-,공용,-,-,공용,공용,공용,신규,신규
,,,부품07,사양A,52,신규,-,-,-,-,-,-,-,신규,공용
,,,부품07,사양B,354,신규,-,-,공용,신규,-,-,공용,-,-
,,,부품08,사양A,285,-,-,신규,-,-,-,-,-,신규,-
,,,부품09,사양A,180,신규,-,신규,-,신규,-,신규,신규,공용,-
,,,부품09,사양B,247,-,공용,-,신규,-,-,-,공용,-,-
,,,부품10,사양A,398,-,공용,신규,신규,-,공용,공용,신규,신규,공용
전장,시스템09,모듈러041,부품01,사양A,128,공용,-,신규,-,-,공용,공용,-,-,-
,,,부품01,사양B,106,공용,-,-,-,공용,-,신규,신규,-,-
,,,부품02,사양A,37,-,-,-,-,공용,공용,-,-,신규,-
,,,부품03,사양A,431,-,공용,-,공용,-,-,공용,-,공용,-
,,,부품03,사양B,397,공용,-,-,-,-,-,공용,신규,공용,-
,,,부품04,사양A,309,-,공용,-,-,-,공용,공용,신규,-,-
,,,부품04,사양B,310,-,-,-,공용,-,-,신규,공용,-,신규
,,,부품05,사양A,145,-,-,-,-,공용,공용,-,신규,신규,공용
,,,부품06,사양A,300,공용,-,-,-,-,-,-,신규,공용,-
,,,부품06,사양B,190,-,-,-,신규,공용,공용,-,-,-,-
,,,부품07,사양A,140,-,-,공용,-,신규,-,공용,-,-,신규
,,,부품08,사양A,368,-,-,신규,-,-,공용,-,-,신규,-
,,,부품09,사양A,416,공용,-,-,-,-,신규,-,공용,-,신규
,,,부품10,사양A,304,-,-,신규,신규,-,-,공용,-,공용,-
전장,시스템09,모듈러042,부품01,사양A,43,-,-,-,-,-,-,공용,신규,-,신규
,,,부품02,사양A,13,신규,-,공용,-,-,신규,-,신규,-,-
,,,부품03,사양A,173,신규,-,-,-,공용,신규,공용,신규,공용,-
,,,부품04,사양A,63,공용,공용,-,-,신규,-,-,-,공용,신규
,,,부품05,사양A,481,-,신규,-,신규,공용,-,-,공용,-,공용
,,,부품06,사양A,103,신규,-,-,-,-,신규,공용,공용,-,-
,,,부품06,사양B,273,공용,-,-,-,신규,-,공용,-,신규,-
,,,부품07,사양A,475,-,신규,-,신규,-,공용,-,-,공용,-
,,,부품07,사양B,47,신규,신규,신규,신규,신규,-,-,공용,-,신규
,,,부품08,사양A,63,-,-,공용,-,-,공용,신규,-,신규,-
,,,부품09,사양A,236,-,공용,-,-,-,-,-,-,-,-
,,,부품09,사양B,83,-,신규,-,-,공용,-,공용,신규,-,-
,,,부품10,사양A,368,-,신규,-,-,신규,신규,공용,-,신규,신규
바디,시스템09,모듈러043,부품01,사양A,215,신규,공용,-,신규,-,신규,-,신규,-,-
,,,부품01,사양B,63,신규,-,-,-,신규,-,-,신규,-,공용
,,,부품02,사양A,382,-,-,-,-,공용,-,-,-,공용,-
,,,부품03,사양A,275,공용,-,신규,공용,공용,-,-,공용,공용,신규
,,,부품04,사양A,489,신규,공용,-,-,-,신규,-,-,신규,공용
,,,부품05,사양A,195,-,-,공용,-,-,-,-,-,-,공용
,,,부품06,사양A,425,공용,-,-,-,신규,-,-,신규,신규,-
,,,부품06,사양B,15,공용,-,-,공용,공용,공용,공용,-,-,공용
,,,부품07,사양A,270,신규,-,-,-,-,신규,-,-,-,공용
,,,부품07,사양B,465,-,-,-,-,-,-,-,-,-,-
,,,부품08,사양A,173,-,신규,-,신규,신규,신규,-,-,-,신규
,,,부품09,사양A,249,-,신규,공용,-,신규,-,-,-,-,공용
,,,부품09,사양B,119,-,신규,공용,-,-,-,신규,공용,-,공용
,,,부품10,사양A,121,-,-,-,-,-,공용,신규,공용,공용,신규
,,,부품10,사양B,166,신규,공용,-,-,-,-,-,-,-,공용
전장,시스템09,모듈러044,부품01,사양A,270,-,-,-,-,-,-,공용,신규,-,공용
,,,부품01,사양B,193,공용,신규,공용,-,-,신규,신규,-,-,-
,,,부품02,사양A,486,공용,신규,-,-,공용,-,신규,-,신규,신규
,,,부품02,사양B,436,-,-,신규,-,-,신규,-,공용,공용,-
,,,부품03,사양A,496,-,-,공용,-,-,-,-,-,-,-
,,,부품04,사양A,402,-,-,-,-,공용,공용,공용,-,-,-
,,,부품04,사양B,409,-,-,-,-,-,-,-,-,-,-
,,,부품05,사양A,459,신규,신규,공용,신규,-,공용,신규,-,신규,-
,,,부품05,사양B,41,-,-,-,신규,-,-,공용,공용,공용,신규
,,,부품06,사양A,215,-,-,-,공용,신규,-,신규,-,-,공용
,,,부품07,사양A,204,신규,-,공용,공용,-,공용,-,신규,신규,-
,,,부품07,사양B,104,-,신규,-,공용,-,공용,신규,-,-,공용
,,,부품08,사양A,218,-,-,-,-,-,-,신규,공용,-,-
,,,부품09,사양A,106,-,-,신규,-,-,-,-,신규,-,공용
,,,부품09,사양B,454,-,공용,신규,-,-,신규,신규,-,-,공용
,,,부품10,사양A,34,-,신규,-,신규,-,-,-,공용,공용,-
,,,부품10,사양B,360,-,-,-,신규,-,-,-,공용,-,-
샤시,시스템09,모듈러045,부품01,사양A,109,-,-,-,-,공용,-,공용,신규,공용,-
,,,부품02,사양A,446,신규,공용,공용,공용,공용,-,신규,-,-,-
,,,부품02,사양B,211,공용,-,-,신규,신규,-,공용,-,공용,신규
,,,부품03,사양A,38,-,-,공용,-,-,-,-,신규,-,신규
,,,부품04,사양A,317,-,신규,-,-,-,신규,-,신규,공용,-
,,,부품05,사양A,103,-,신규,-,신규,-,-,-,신규,-,신규
,,,부품05,사양B,288,공용,신규,공용,-,-,-,공용,신규,신규,신규
,,,부품06,사양A,248,-,신규,공용,-,-,공용,-,신규,공용,-
,,,부품07,사양A,358,-,신규,공용,공용,-,-,-,-,신규,신규
,,,부품08,사양A,492,-,-,공용,공용,신규,-,-,-,-,-
,,,부품09,사양A,448,신규,신규,신규,-,-,-,신규,신규,신규,-
,,,부품09,사양B,96,공용,-,-,신규,-,-,-,-,-,공용
,,,부품10,사양A,220,-,-,신규,-,-,공용,신규,신규,-,공용
,,,부품10,사양B,229,공용,신규,-,-,공용,-,공용,-,-,-
전장,시스템10,모듈러046,부품01,사양A,489,-,-,-,-,-,-,-,-,공용,신규
,,,부품02,사양A,146,-,-,-,-,-,신규,-,-,-,신규
,,,부품03,사양A,393,-,-,-,공용,신규,-,공용,-,공용,공용
,,,부품03,사양B,231,-,-,-,-,-,-,신규,신규,신규,공용
,,,부품04,사양A,488,-,-,-,-,-,공용,-,공용,-,공용
,,,부품04,사양B,186,-,-,-,신규,공용,-,-,-,-,-
,,,부품05,사양A,144,공용,신규,신규,-,-,-,-,공용,신규,-
,,,부품06,사양A,499,신규,공용,-,-,-,-,신규,공용,공용,-
,,,부품07,사양A,368,-,-,-,공용,신규,-,신규,-,공용,공용
,,,부품07,사양B,440,공용,공용,-,-,공용,공용,신규,-,-,신규
,,,부품08,사양A,156,-,-,공용,신규,-,신규,-,-,-,-
,,,부품09,사양A,264,신규,-,공용,-,-,공용,-,공용,공용,-
,,,부품09,사양B,434,-,신규,공용,-,공용,공용,-,-,공용,-
,,,부품10,사양A,372,신규,신규,-,신규,-,-,-,-,공용,공용
파워트레인,시스템10,모듈러047,부품01,사양A,487,-,공용,-,신규,-,공용,-,공용,공용,공용
,,,부품01,사양B,419,-,공용,-,공용,공용,-,신규,신규,-,-
,,,부품02,사양A,456,신규,공용,-,공용,-,-,공용,공용,-,-
,,,부품03,사양A,66,공용,-,신규,-,-,-,공용,-,-,신규
,,,부품03,사양B,106,-,-,-,신규,공용,신규,-,-,-,-
,,,부품04,사양A,366,-,신규,공용,신규,-,-,-,-,-,-
,,,부품05,사양A,407,신규,공용,신규,신규,신규,-,공용,-,-,-
,,,부품06,사양A,323,-,공용,신규,공용,공용,공용,-,-,공용,-
,,,부품07,사양A,14,-,-,-,신규,-,신규,-,공용,-,-
,,,부품08,사양A,455,-,-,-,-,공용,신규,-,-,-,신규
,,,부품09,사양A,210,공용,-,-,-,-,-,신규,-,-,신규
,,,부품09,사양B,54,-,공용,신규,신규,-,공용,-,-,-,-
,,,부품10,사양A,465,신규,-,-,공용,신규,-,-,-,공용,-
,,,부품10,사양B,314,신규,-,신규,신규,-,-,-,-,-,신규
전장,시스템10,모듈러048,부품01,사양A,58,-,-,공용,-,공용,공용,신규,-,-,-
,,,부품01,사양B,100,-,공용,-,-,공용,공용,-,-,-,공용
,,,부품02,사양A,64,-,공용,-,-,-,-,-,신규,-,공용
,,,부품02,사양B,44,신규,-,공용,신규,신규,-,-,공용,공용,-
,,,부품03,사양A,285,-,-,공용,공용,-,-,-,-,-,신규
,,,부품04,사양A,53,-,-,-,신규,-,공용,-,-,신규,-
,,,부품04,사양B,287,공용,신규,-,신규,공용,-,-,-,공용,-
,,,부품05,사양A,103,-,-,-,신규,신규,공용,-,신규,-,신규
,,,부품05,사양B,70,-,-,-,-,신규,-,-,-,-,-
,,,부품06,사양A,391,공용,신규,공용,신규,-,공용,공용,신규,-,공용
,,,부품06,사양B,25,신규,-,-,공용,신규,공용,-,-,신규,공용
,,,부품07,사양A,462,공용,공용,공용,-,-,-,-,공용,공용,신규
,,,부품07,사양B,447,-,공용,-,-,신규,신규,공용,-,-,-
,,,부품08,사양A,182,공용,공용,공용,-,-,공용,-,-,공용,-
,,,부품08,사양B,376,-,-,-,공용,-,-,-,-,-,-
,,,부품09,사양A,202,공용,-,-,신규,공용,-,-,-,공용,공용
,,,부품10,사양A,469,공용,-,공용,-,-,-,-,공용,-,-
,,,부품10,사양B,300,신규,-,-,신규,-,-,-,신규,공용,-
샤시,시스템10,모듈러049,부품01,사양A,95,-,공용,-,-,-,신규,-,-,-,-
,,,부품02,사양A,141,-,신규,-,공용,-,-,-,-,신규,-
,,,부품02,사양B,431,공용,-,신규,공용,-,-,신규,공용,신규,-
,,,부품03,사양A,358,신규,-,-,공용,-,-,-,공용,-,-
,,,부품03,사양B,337,신규,공용,-,-,-,-,공용,-,-,-
,,,부품04,사양A,41,신규,신규,공용,공용,-,-,-,-,공용,신규
,,,부품04,사양B,235,-,-,-,-,공용,-,공용,공용,-,공용
,,,부품05,사양A,45,-,-,신규,신규,공용,-,-,공용,-,신규
,,,부품06,사양A,254,-,-,공용,-,-,신규,공용,-,신규,-
,,,부품06,사양B,130,공용,공용,공용,공용,신규,-,-,-,공용,-
,,,부품07,사양A,252,공용,-,-,신규,공용,신규,-,신규,신규,-
,,,부품08,사양A,185,-,신규,-,-,-,-,-,-,-,공용
,,,부품09,사양A,97,-,-,-,-,-,공용,신규,-,신규,신규
,,,부품09,사양B,351,공용,-,-,공용,신규,신규,-,-,공용,공용
,,,부품10,사양A,92,공용,신규,-,-,공용,-,신규,공용,-,-
,,,부품10,사양B,62,-,-,신규,공용,-,-,공용,-,신규,-
파워트레인,시스템10,모듈러050,부품01,사양A,490,공용,신규,-,-,공용,-,-,-,신규,-
,,,부품02,사양A,258,공용,-,공용,신규,신규,공용,-,공용,-,-
,,,부품03,사양A,278,-,-,공용,-,-,신규,공용,-,-,-
,,,부품04,사양A,338,-,공용,공용,-,-,-,공용,신규,-,신규
,,,부품05,사양A,403,-,신규,공용,신규,신규,-,-,-,-,신규
,,,부품05,사양B,300,-,신규,공용,-,-,신규,-,공용,신규,-
,,,부품06,사양A,414,신규,-,-,신규,신규,-,공용,-,신규,공용
,,,부품07,사양A,500,신규,-,-,-,-,-,공용,신규,신규,-
,,,부품08,사양A,368,-,-,신규,공용,공용,신규,-,공용,-,신규
,,,부품08,사양B,479,-,-,-,신규,신규,공용,공용,-,공용,-
,,,부품09,사양A,97,-,-,공용,-,-,공용,공용,공용,-,-
,,,부품09,사양B,365,-,공용,-,공용,-,신규,-,공용,공용,신규
,,,부품10,사양A,412,-,공용,-,신규,-,-,-,-,공용,-
,,,부품10,사양B,138,-,-,신규,공용,신규,-,-,-,공용,신규
바디,시스템11,모듈러051,부품01,사양A,238,-,-,신규,공용,-,-,-,신규,신규,-
,,,부품01,사양B,477,공용,공용,-,신규,-,신규,공용,-,신규,-
,,,부품02,사양A,341,공용,-,-,-,공용,-,-,-,-,-
,,,부품03,사양A,441,신규,공용,공용,신규,-,-,신규,공용,공용,-
,,,부품04,사양A,16,-,공용,신규,-,-,-,-,신규,-,공용
,,,부품04,사양B,470,공용,-,-,-,신규,-,-,-,신규,공용
,,,부품05,사양A,264,공용,공용,공용,-,공용,-,신규,-,공용,-
,,,부품06,사양A,177,공용,-,-,-,-,-,신규,신규,-,-
,,,부품06,사양B,481,-,-,-,-,공용,신규,-,-,-,신규
,,,부품07,사양A,93,-,-,-,-,공용,-,신규,-,-,-
,,,부품07,사양B,301,-,-,공용,공용,-,공용,신규,신규,-,-
,,,부품08,사양A,466,-,신규,공용,-,-,신규,공용,공용,-,-
,,,부품08,사양B,361,신규,공용,-,공용,-,-,-,공용,-,-
,,,부품09,사양A,494,-,-,공용,-,공용,-,신규,신규,-,신규
,,,부품10,사양A,88,공용,신규,-,신규,신규,-,-,-,-,-
,,,부품10,사양B,483,공용,-,-,-,-,공용,공용,신규,공용,-
의장,시스템11,모듈러052,부품01,사양A,189,-,공용,공용,-,-,-,신규,-,-,신규
,,,부품02,사양A,351,-,-,-,-,-,-,-,-,-,-
,,,부품03,사양A,140,공용,신규,공용,신규,공용,-,-,신규,-,-
,,,부품03,사양B,143,-,공용,-,-,-,신규,공용,-,공용,-
,,,부품04,사양A,148,신규,-,-,-,-,-,-,-,공용,공용
,,,부품05,사양A,461,공용,-,-,공용,-,-,-,-,-,공용
,,,부품06,사양A,278,-,-,신규,-,-,신규,-,공용,신규,-
,,,부품07,사양A,68,-,-,신규,신규,신규,신규,-,신규,-,공용
,,,부품08,사양A,131,-,공용,-,신규,-,-,-,-,-,-
,,,부품08,사양B,385,공용,신규,-,공용,-,공용,공용,-,신규,신규
,,,부품09,사양A,235,공용,-,-,-,신규,-,공용,공용,-,-
,,,부품10,사양A,59,-,-,신규,-,공용,-,공용,-,신규,-
,,,부품10,사양B,435,-,-,신규,공용,-,-,공용,-,공용,-
전장,시스템11,모듈러053,부품01,사양A,201,신규,공용,공용,신규,공용,-,-,-,-,-
,,,부품02,사양A,161,-,-,-,-,-,신규,공용,-,-,-
,,,부품02,사양B,54,-,신규,신규,-,-,-,-,-,공용,-
,,,부품03,사양A,47,공용,-,-,공용,-,-,-,신규,-,-
,,,부품03,사양B,57,-,공용,신규,신규,신규,-,-,신규,-,-
,,,부품04,사양A,254,-,신규,-,공용,-,-,공용,신규,-,공용
,,,부품04,사양B,421,신규,신규,신규,-,신규,신규,-,신규,-,공용
,,,부품05,사양A,307,-,-,신규,-,신규,-,공용,-,-,공용
,,,부품05,사양B,321,-,-,공용,-,공용,공용,-,공용,-,-
,,,부품06,사양A,346,-,신규,신규,공용,신규,공용,공용,-,-,-
,,,부품06,사양B,467,공용,공용,-,신규,-,-,-,신규,-,-
,,,부품07,사양A,196,공용,신규,공용,공용,-,-,-,-,-,신규
,,,부품08,사양A,55,-,-,신규,공용,신규,신규,-,-,-,-
,,,부품08,사양B,380,공용,공용,공용,-,-,공용,공용,-,신규,-
,,,부품09,사양A,48,신규,공용,-,-,-,신규,-,-,신규,신규
,,,부품10,사양A,235,신규,공용,신규,공용,공용,-,-,-,신규,-
의장,시스템11,모듈러054,부품01,사양A,27,-,-,-,-,-,공용,공용,-,-,공용
,,,부품02,사양A,231,-,-,신규,-,-,신규,신규,-,공용,신규
,,,부품02,사양B,33,신규,-,신규,-,-,-,-,-,공용,신규
,,,부품03,사양A,209,공용,-,공용,신규,-,공용,신규,공용,-,-
,,,부품03,사양B,30,-,신규,공용,공용,-,-,-,-,-,-
,,,부품04,사양A,409,-,-,-,공용,-,-,-,-,신규,-
,,,부품04,사양B,235,신규,-,신규,신규,-,-,-,공용,공용,-
,,,부품05,사양A,267,-,-,-,-,-,신규,공용,-,-,-
,,,부품06,사양A,448,-,신규,-,-,신규,-,-,-,-,-
,,,부품06,사양B,324,공용,-,-,공용,-,공용,신규,신규,-,-
,,,부품07,사양A,499,-,-,-,-,공용,공용,신규,신규,-,신규
,,,부품08,사양A,465,-,신규,-,공용,공용,-,공용,-,-,-
,,,부품09,사양A,302,공용,신규,-,-,신규,-,-,-,-,-
,,,부품10,사양A,467,공용,공용,-,-,-,공용,신규,-,신규,신규
,,,부품10,사양B,279,신규,-,-,-,신규,-,신규,-,-,신규
샤시,시스템11,모듈러055,부품01,사양A,346,공용,신규,-,공용,신규,-,-,공용,-,공용
,,,부품01,사양B,59,-,신규,-,신규,-,-,-,공용,-,-
,,,부품02,사양A,52,-,-,-,신규,-,-,-,신규,-,신규
,,,부품02,사양B,159,-,공용,-,-,신규,신규,공용,신규,신규,공용
,,,부품03,사양A,118,-,공용,-,-,-,공용,-,-,신규,신규
,,,부품04,사양A,436,신규,공용,-,공용,신규,공용,-,-,-,신규
,,,부품05,사양A,344,-,-,-,-,신규,-,공용,-,-,신규
,,,부품05,사양B,316,-,공용,-,-,-,공용,-,공용,-,-
,,,부품06,사양A,451,-,신규,-,공용,-,신규,공용,신규,신규,-
,,,부품07,사양A,72,-,-,-,-,공용,-,-,공용,-,-
,,,부품08,사양A,398,-,-,-,-,공용,-,-,신규,-,-
,,,부품08,사양B,14,-,신규,신규,공용,-,-,공용,-,공용,-
,,,부품09,사양A,337,-,-,-,신규,공용,신규,-,공용,-,-
,,,부품09,사양B,374,공용,-,-,공용,-,-,신규,신규,-,신규
,,,부품10,사양A,293,-,-,신규,-,-,-,-,-,-,-
,,,부품10,사양B,235,-,-,신규,-,-,신규,-,신규,신규,-
전장,시스템12,모듈러056,부품01,사양A,31,-,공용,-,공용,-,-,공용,-,-,신규
,,,부품02,사양A,478,-,신규,신규,신규,-,-,-,-,신규,공용
,,,부품03,사양A,305,-,-,공용,-,신규,-,공용,공용,-,-
,,,부품03,사양B,63,-,공용,공용,공용,-,-,-,-,-,신규
,,,부품04,사양A,408,-,공용,-,공용,신규,-,-,-,-,신규
,,,부품05,사양A,467,-,-,신규,신규,-,-,-,-,-,-
,,,부품05,사양B,449,-,-,-,-,신규,신규,-,-,신규,-
,,,부품06,사양A,82,-,신규,공용,신규,신규,공용,-,-,-,-
,,,부품07,사양A,388,-,-,-,공용,-,신규,-,-,-,-
,,,부품07,사양B,253,-,공용,공용,신규,신규,공용,신규,공용,공용,-
,,,부품08,사양A,42,-,공용,-,-,공용,-,-,-,공용,-
,,,부품09,사양A,269,공용,신규,-,-,-,-,신규,공용,-,공용
,,,부품10,사양A,235,-,공용,신규,-,공용,공용,-,공용,-,-
,,,부품10,사양B,49,-,-,신규,-,-,-,-,신규,-,-
전장,시스템12,모듈러057,부품01,사양A,343,-,공용,-,공용,-,-,-,-,공용,공용
,,,부품01,사양B,204,-,공용,공용,공용,신규,-,-,-,공용,-
,,,부품02,사양A,288,-,-,공용,-,-,-,-,-,-,-
,,,부품02,사양B,40,-,신규,-,공용,-,-,신규,-,-,-
,,,부품03,사양A,266,-,신규,신규,공용,신규,신규,-,신규,공용,-
,,,부품04,사양A,306,-,공용,-,신규,-,-,신규,-,-,공용
,,,부품05,사양A,107,-,신규,-,-,신규,-,공용,공용,-,-
,,,부품06,사양A,382,-,-,-,신규,-,-,-,-,-,신규
,,,부품07,사양A,376,-,-,신규,-,공용,-,-,-,-,-
,,,부품07,사양B,385,-,-,-,신규,-,-,-,-,-,-
,,,부품08,사양A,385,-,신규,공용,공용,-,신규,-,신규,신규,-
,,,부품08,사양B,210,공용,-,-,-,신규,-,-,-,-,-
,,,부품09,사양A,98,공용,신규,신규,신규,-,신규,-,-,공용,-
,,,부품10,사양A,170,-,-,-,신규,신규,-,공용,-,-,-
샤시,시스템12,모듈러058,부품01,사양A,70,-,-,-,공용,공용,신규,-,-,신규,공용
,,,부품02,사양A,429,-,신규,공용,공용,공용,-,공용,-,-,-
,,,부품02,사양B,315,-,-,-,-,-,공용,공용,신규,신규,-
,,,부품03,사양A,189,신규,-,신규,-,공용,-,공용,-,-,-
,,,부품03,사양B,480,-,신규,신규,-,공용,-,-,-,-,공용
,,,부품04,사양A,377,-,공용,신규,신규,-,공용,-,신규,-,-
,,,부품05,사양A,63,-,신규,-,-,-,-,-,-,공용,신규
,,,부품05,사양B,183,-,신규,-,공용,-,공용,공용,공용,-,-
,,,부품06,사양A,361,-,-,공용,공용,신규,공용,-,신규,-,신규
,,,부품06,사양B,71,공용,공용,공용,신규,-,-,신규,-,신규,신규
,,,부품07,사양A,324,-,신규,-,-,-,-,신규,신규,-,신규
,,,부품07,사양B,446,공용,-,신규,공용,공용,공용,신규,-,-,신규
,,,부품08,사양A,340,-,-,공용,공용,신규,공용,-,-,-,-
,,,부품09,사양A,413,신규,공용,-,-,-,신규,-,-,공용,-
,,,부품10,사양A,54,-,-,공용,-,신규,공용,신규,-,-,공용
,,,부품10,사양B,74,-,-,신규,-,-,공용,공용,신규,-,-
샤시,시스템12,모듈러059,부품01,사양A,362,-,공용,공용,-,-,-,공용,신규,-,-
,,,부품01,사양B,235,신규,-,-,공용,신규,-,-,-,-,공용
,,,부품02,사양A,421,공용,-,-,-,-,-,신규,공용,공용,-
,,,부품02,사양B,477,-,-,-,신규,공용,-,-,공용,-,공용
,,,부품03,사양A,299,-,-,-,신규,-,-,-,-,공용,신규
,,,부품04,사양A,221,신규,-,-,-,-,-,신규,공용,-,신규
,,,부품05,사양A,103,-,신규,공용,공용,-,-,-,신규,-,-
,,,부품05,사양B,357,-,신규,-,-,-,-,-,-,신규,-
,,,부품06,사양A,367,-,신규,-,공용,-,공용,-,공용,-,신규
,,,부품06,사양B,43,공용,-,-,-,-,공용,-,공용,신규,공용
,,,부품07,사양A,357,-,-,-,-,-,공용,공용,-,공용,-
,,,부품07,사양B,54,-,-,공용,공용,-,-,신규,-,신규,-
,,,부품08,사양A,472,-,신규,신규,-,-,공용,-,-,-,-
,,,부품09,사양A,156,-,-,-,-,신규,-,신규,-,-,-
,,,부품10,사양A,82,신규,-,-,-,신규,-,-,신규,-,-
바디,시스템12,모듈러060,부품01,사양A,479,-,공용,공용,-,공용,공용,-,-,-,-
,,,부품02,사양A,101,-,-,-,-,신규,-,-,-,공용,공용
,,,부품03,사양A,430,-,-,공용,신규,-,-,-,-,-,-
,,,부품03,사양B,107,-,신규,-,-,-,신규,신규,공용,-,공용
,,,부품04,사양A,190,신규,공용,-,-,-,신규,-,-,신규,-
,,,부품05,사양A,472,공용,-,-,-,공용,-,신규,신규,공용,신규
,,,부품05,사양B,279,-,-,-,-,-,공용,-,신규,-,-
,,,부품06,사양A,232,-,-,공용,신규,-,공용,공용,-,공용,공용
,,,부품06,사양B,469,-,-,-,-,-,공용,-,공용,-,-
,,,부품07,사양A,51,-,-,-,-,신규,-,-,-,-,-
,,,부품07,사양B,474,신규,신규,신규,-,-,신규,-,신규,-,-
,,,부품08,사양A,59,공용,-,공용,공용,신규,-,신규,-,신규,신규
,,,부품09,사양A,87,-,신규,공용,공용,신규,-,-,-,-,공용
,,,부품09,사양B,406,-,-,공용,신규,-,-,공용,-,공용,-
,,,부품10,사양A,440,신규,공용,신규,신규,-,-,공용,-,-,-
,,,부품10,사양B,240,공용,-,-,공용,-,-,-,-,신규,-
의장,시스템13,모듈러061,부품01,사양A,397,신규,-,-,-,공용,공용,공용,-,신규,-
,,,부품01,사양B,78,-,공용,-,-,-,신규,공용,-,-,신규
,,,부품02,사양A,447,공용,-,-,-,-,-,-,-,공용,신규
,,,부품03,사양A,348,-,-,-,-,-,신규,공용,-,-,-
,,,부품03,사양B,212,공용,신규,신규,-,-,-,신규,공용,-,-
,,,부품04,사양A,303,-,공용,공용,공용,-,-,공용,신규,신규,신규
,,,부품04,사양B,148,-,공용,공용,공용,신규,신규,공용,신규,공용,-
,,,부품05,사양A,467,-,-,신규,-,-,공용,공용,-,공용,-
,,,부품06,사양A,159,-,공용,-,공용,-,공용,공용,-,-,공용
,,,부품07,사양A,325,-,신규,-,-,-,신규,-,-,-,-
,,,부품07,사양B,286,신규,신규,-,신규,-,공용,-,공용,신규,신규
,,,부품08,사양A,47,공용,공용,-,공용,-,신규,-,-,-,-
,,,부품08,사양B,246,-,신규,-,-,-,공용,신규,-,-,-
,,,부품09,사양A,411,-,공용,-,-,-,-,공용,신규,-,-
,,,부품10,사양A,228,-,신규,공용,-,신규,신규,-,공용,-,신규
,,,부품10,사양B,175,신규,신규,공용,-,-,-,공용,신규,신규,-
의장,시스템13,모듈러062,부품01,사양A,316,신규,-,공용,-,-,-,-,공용,공용,신규
,,,부품01,사양B,491,신규,신규,-,신규,-,신규,-,-,공용,-
,,,부품02,사양A,429,-,-,공용,-,-,신규,-,-,-,-
,,,부품03,사양A,152,신규,공용,-,-,-,-,-,-,신규,공용
,,,부품04,사양A,448,공용,-,신규,-,-,신규,신규,-,-,-
,,,부품05,사양A,460,-,-,신규,-,-,-,-,-,-,-
,,,부품05,사양B,338,-,신규,공용,공용,-,-,신규,공용,공용,공용
,,,부품06,사양A,370,-,-,-,공용,-,공용,신규,-,-,-
,,,부품07,사양A,256,신규,-,신규,-,-,공용,신규,-,-,-
,,,부품08,사양A,192,신규,-,공용,공용,-,신규,-,-,-,신규
,,,부품09,사양A,250,-,-,-,공용,신규,-,공용,신규,-,신규
,,,부품10,사양A,237,공용,-,-,신규,-,-,-,-,신규,신규
파워트레인,시스템13,모듈러063,부품01,사양A,169,-,-,-,-,신규,신규,-,-,-,신규
,,,부품02,사양A,47,-,-,-,-,신규,-,-,-,공용,-
,,,부품02,사양B,353,-,-,-,공용,-,신규,공용,-,-,-
,,,부품03,사양A,13,-,-,-,-,-,-,신규,신규,공용,신규
,,,부품03,사양B,302,공용,공용,신규,공용,-,공용,신규,신규,공용,-
,,,부품04,사양A,191,신규,-,신규,-,-,신규,-,-,-,-
,,,부품04,사양B,450,공용,신규,-,-,-,신규,-,공용,-,-
,,,부품05,사양A,156,-,-,-,-,-,-,신규,-,공용,공용
,,,부품06,사양A,43,-,-,신규,-,신규,-,-,신규,-,-
,,,부품06,사양B,438,-,-,-,-,신규,-,-,-,-,-
,,,부품07,사양A,440,신규,공용,-,공용,-,-,-,-,-,-
,,,부품07,사양B,127,공용,-,-,신규,-,-,공용,신규,-,-
,,,부품08,사양A,219,-,-,신규,-,공용,신규,공용,-,신규,신규
,,,부품09,사양A,97,공용,-,공용,-,-,-,-,-,-,-
,,,부품10,사양A,10,공용,-,신규,-,-,-,-,-,신규,신규
,,,부품10,사양B,385,공용,-,공용,-,-,-,공용,-,-,신규
전장,시스템13,모듈러064,부품01,사양A,341,-,신규,신규,공용,-,신규,공용,신규,-,공용
,,,부품02,사양A,368,공용,공용,-,공용,신규,-,신규,-,신규,-
,,,부품02,사양B,361,공용,공용,신규,-,신규,-,공용,신규,-,-
,,,부품03,사양A,109,공용,-,-,공용,-,-,공용,신규,공용,-
,,,부품04,사양A,10,-,공용,신규,-,-,공용,-,-,공용,신규
,,,부품05,사양A,306,-,공용,-,공용,신규,-,-,-,-,공용
,,,부품06,사양A,481,-,공용,공용,-,-,신규,신규,신규,-,신규
,,,부품07,사양A,212,-,공용,-,-,공용,-,-,신규,-,-
,,,부품07,사양B,45,-,-,-,-,-,-,-,-,공용,신규
,,,부품08,사양A,467,-,-,-,-,-,-,신규,-,-,공용
,,,부품08,사양B,275,공용,-,-,-,신규,-,신규,-,-,공용
,,,부품09,사양A,222,-,공용,-,-,공용,-,신규,신규,공용,-
,,,부품09,사양B,14,-,공용,신규,신규,공용,신규,-,-,-,-
,,,부품10,사양A,168,-,신규,공용,-,-,신규,-,공용,-,-
바디,시스템13,모듈러065,부품01,사양A,251,-,신규,-,-,신규,-,-,공용,-,신규
,,,부품01,사양B,461,-,-,-,-,-,-,신규,-,신규,-
,,,부품02,사양A,230,공용,-,-,-,공용,신규,신규,공용,-,-
,,,부품02,사양B,165,-,신규,공용,공용,공용,-,신규,신규,공용,-
,,,부품03,사양A,86,-,-,-,공용,공용,공용,공용,-,-,-
,,,부품04,사양A,79,-,신규,-,-,신규,-,-,신규,공용,-
,,,부품05,사양A,63,신규,공용,공용,공용,-,-,공용,공용,공용,공용
,,,부품06,사양A,488,신규,-,-,-,-,-,-,공용,공용,-
,,,부품06,사양B,484,-,-,신규,-,공용,-,-,-,-,-
,,,부품07,사양A,191,-,-,-,신규,-,-,공용,공용,공용,-
,,,부품08,사양A,33,공용,-,-,-,-,공용,-,공용,공용,-
,,,부품09,사양A,28,신규,-,-,신규,-,-,-,-,-,-
,,,부품09,사양B,295,-,-,공용,-,신규,-,-,신규,-,-
,,,부품10,사양A,156,-,-,공용,공용,-,-,-,-,신규,-
,,,부품10,사양B,108,-,공용,-,공용,-,-,공용,신규,신규,신규
바디,시스템14,모듈러066,부품01,사양A,238,-,-,-,-,신규,-,신규,-,-,신규
,,,부품02,사양A,393,-,-,-,공용,-,-,-,공용,공용,-
,,,부품03,사양A,215,-,공용,-,신규,공용,공용,-,-,-,-
,,,부품03,사양B,148,-,-,-,-,-,공용,공용,공용,-,신규
,,,부품04,사양A,133,공용,공용,-,-,-,-,공용,공용,-,-
,,,부품05,사양A,479,-,공용,-,-,-,-,-,공용,신규,공용
,,,부품05,사양B,258,신규,공용,-,-,공용,-,공용,신규,공용,-
,,,부품06,사양A,220,공용,-,신규,-,-,-,-,-,-,신규
,,,부품06,사양B,309,공용,-,-,신규,신규,공용,-,-,-,-
,,,부품07,사양A,25,-,신규,공용,신규,-,신규,공용,-,-,신규
,,,부품07,사양B,122,-,-,-,신규,신규,-,공용,공용,-,공용
,,,부품08,사양A,486,-,-,-,공용,-,공용,-,신규,공용,신규
,,,부품08,사양B,425,-,-,신규,-,-,-,공용,공용,-,공용
,,,부품09,사양A,223,-,-,신규,-,-,-,-,-,신규,-
,,,부품10,사양A,232,신규,-,공용,-,-,-,-,-,-,-
,,,부품10,사양B,131,-,-,-,-,-,-,공용,신규,-,-
바디,시스템14,모듈러067,부품01,사양A,253,-,신규,-,공용,-,공용,-,-,-,-
,,,부품01,사양B,124,-,공용,-,-,-,-,신규,-,-,-
,,,부품02,사양A,140,공용,-,-,-,-,-,공용,-,공용,공용
,,,부품03,사양A,212,-,-,-,-,공용,공용,-,-,-,-
,,,부품03,사양B,491,신규,-,-,-,공용,신규,공용,-,-,-
,,,부품04,사양A,246,-,공용,공용,-,신규,공용,-,-,신규,-
,,,부품04,사양B,443,-,신규,신규,공용,-,공용,-,-,-,-
,,,부품05,사양A,262,공용,공용,-,-,-,공용,공용,-,-,공용
,,,부품06,사양A,493,-,-,-,공용,-,-,-,-,-,-
,,,부품06,사양B,15,-,-,신규,-,신규,-,공용,신규,공용,-
,,,부품07,사양A,31,-,-,-,신규,-,공용,공용,-,-,-
,,,부품07,사양B,222,공용,-,-,공용,공용,신규,-,공용,-,-
,,,부품08,사양A,69,신규,신규,-,공용,공용,-,-,-,-,공용
,,,부품09,사양A,80,공용,공용,-,-,신규,-,공용,신규,-,-
,,,부품09,사양B,413,-,신규,공용,-,공용,공용,-,-,-,-
,,,부품10,사양A,155,-,-,신규,신규,-,-,신규,-,-,-
파워트레인,시스템14,모듈러068,부품01,사양A,106,신규,-,신규,신규,공용,신규,공용,-,-,-
,,,부품02,사양A,324,신규,신규,-,-,신규,-,-,-,공용,-
,,,부품03,사양A,190,-,공용,-,-,-,-,-,-,-,-
,,,부품03,사양B,12,-,-,-,-,공용,공용,-,공용,공용,-
,,,부품04,사양A,112,공용,-,-,-,-,공용,신규,공용,-,공용
,,,부품04,사양B,390,-,-,신규,-,-,공용,-,신규,-,-
,,,부품05,사양A,31,공용,-,공용,신규,-,-,-,신규,공용,-
,,,부품06,사양A,213,신규,-,공용,-,-,-,-,신규,-,공용
,,,부품06,사양B,481,신규,공용,공용,공용,-,공용,신규,-,-,-
,,,부품07,사양A,309,-,-,-,-,-,-,-,-,신규,공용
,,,부품08,사양A,347,공용,-,신규,-,-,-,-,신규,신규,신규
,,,부품09,사양A,493,-,-,-,신규,-,신규,-,-,-,공용
,,,부품09,사양B,266,-,신규,-,-,-,공용,공용,-,-,-
,,,부품10,사양A,473,-,-,-,-,신규,공용,공용,신규,-,-
샤시,시스템14,모듈러069,부품01,사양A,182,-,-,-,신규,-,공용,신규,신규,신규,공용
,,,부품01,사양B,18,-,-,-,-,신규,-,공용,-,-,-
,,,부품02,사양A,497,공용,-,-,공용,-,신규,-,-,공용,-
,,,부품03,사양A,206,신규,공용,공용,-,공용,신규,-,-,-,-
,,,부품03,사양B,106,-,신규,-,공용,-,-,-,-,-,-
,,,부품04,사양A,33,-,공용,공용,-,-,공용,-,신규,-,-
,,,부품05,사양A,416,-,신규,공용,-,신규,-,-,-,-,-
,,,부품05,사양B,334,공용,신규,-,-,신규,공용,신규,신규,공용,-
,,,부품06,사양A,295,-,공용,공용,신규,공용,공용,신규,-,-,공용
,,,부품07,사양A,249,공용,신규,-,-,-,공용,-,-,-,-
,,,부품07,사양B,88,-,-,-,-,신규,-,-,-,-,-
,,,부품08,사양A,25,-,-,-,신규,공용,신규,신규,-,-,-
,,,부품09,사양A,447,-,신규,-,공용,공용,공용,-,-,-,-
,,,부품10,사양A,314,-,신규,-,신규,-,신규,-,신규,-,-
,,,부품10,사양B,79,-,-,-,-,-,신규,공용,공용,-,-
의장,시스템14,모듈러070,부품01,사양A,441,-,신규,공용,-,공용,공용,신규,-,신규,신규
,,,부품01,사양B,165,공용,신규,-,-,-,공용,공용,-,신규,-
,,,부품02,사양A,392,신규,-,-,-,-,-,공용,공용,-,신규
,,,부품03,사양A,287,-,-,신규,공용,-,-,-,-,신규,공용
,,,부품03,사양B,414,공용,-,-,공용,공용,-,신규,신규,-,-
,,,부품04,사양A,16,-,공용,-,-,신규,공용,-,-,-,-
,,,부품05,사양A,254,신규,-,공용,공용,신규,공용,-,신규,-,공용
,,,부품06,사양A,203,신규,공용,신규,신규,-,공용,-,-,-,공용
,,,부품07,사양A,477,-,-,공용,-,-,신규,-,-,-,공용
,,,부품08,사양A,40,-,공용,-,공용,-,신규,-,공용,신규,신규
,,,부품08,사양B,454,공용,-,신규,-,-,공용,공용,-,-,-
,,,부품09,사양A,348,-,신규,-,-,-,-,-,-,공용,-
,,,부품10,사양A,285,공용,신규,신규,공용,신규,-,공용,신규,공용,공용
의장,시스템15,모듈러071,부품01,사양A,341,-,신규,-,신규,-,-,-,-,-,신규
,,,부품02,사양A,286,-,공용,공용,신규,-,-,-,-,-,공용
,,,부품03,사양A,65,-,-,공용,-,-,공용,-,신규,공용,공용
,,,부품04,사양A,210,-,-,신규,신규,공용,신규,-,-,공용,공용
,,,부품05,사양A,199,공용,-,-,-,-,신규,-,-,-,-
,,,부품06,사양A,35,신규,공용,신규,공용,공용,공용,-,-,공용,공용
,,,부품07,사양A,79,-,공용,공용,신규,공용,-,공용,-,-,-
,,,부품08,사양A,133,-,공용,신규,-,-,신규,신규,공용,공용,공용
,,,부품08,사양B,385,-,공용,-,-,공용,-,-,공용,신규,-
,,,부품09,사양A,113,-,공용,-,-,-,공용,공용,신규,신규,공용
,,,부품09,사양B,185,-,-,-,-,-,공용,-,-,신규,공용
,,,부품10,사양A,410,-,신규,공용,공용,-,신규,-,-,-,-
,,,부품10,사양B,217,공용,공용,-,-,신규,-,-,-,신규,공용
전장,시스템15,모듈러072,부품01,사양A,28,-,신규,-,-,-,신규,신규,-,-,-
,,,부품01,사양B,57,-,-,-,-,-,-,-,-,-,-
,,,부품02,사양A,53,-,신규,-,-,공용,신규,공용,공용,-,공용
,,,부품02,사양B,58,신규,-,-,신규,공용,-,-,-,공용,공용
,,,부품03,사양A,474,-,-,-,공용,-,신규,신규,신규,공용,-
,,,부품03,사양B,156,공용,공용,-,-,-,-,공용,-,-,-
,,,부품04,사양A,50,신규,-,-,-,공용,-,-,-,신규,-
,,,부품04,사양B,79,-,-,-,-,-,-,-,-,-,-
,,,부품05,사양A,398,-,-,-,-,-,공용,공용,-,-,공용
,,,부품06,사양A,192,공용,공용,공용,-,-,-,신규,-,신규,-
,,,부품06,사양B,342,-,-,-,-,공용,-,-,-,-,-
,,,부품07,사양A,18,-,-,-,공용,공용,-,-,-,공용,-
,,,부품08,사양A,159,신규,-,-,-,공용,-,신규,-,-,-
,,,부품08,사양B,241,-,공용,-,신규,공용,-,-,-,신규,-
,,,부품09,사양A,397,공용,-,공용,신규,-,-,공용,-,-,-
,,,부품10,사양A,47,공용,신규,-,-,공용,신규,신규,-,공용,공용
의장,시스템15,모듈러073,부품01,사양A,486,-,-,공용,-,-,-,-,-,-,-
,,,부품01,사양B,370,공용,-,-,-,-,-,-,신규,-,신규
,,,부품02,사양A,105,-,신규,공용,-,-,-,-,-,-,-
,,,부품03,사양A,191,-,-,-,-,-,-,공용,신규,신규,-
,,,부품04,사양A,257,공용,신규,-,-,신규,-,신규,공용,-,공용
,,,부품05,사양A,416,공용,신규,-,신규,신규,공용,신규,공용,-,공용
,,,부품05,사양B,117,신규,-,신규,신규,-,공용,신규,-,신규,-
,,,부품06,사양A,169,-,신규,공용,신규,-,-,-,공용,공용,-
,,,부품06,사양B,152,-,신규,공용,공용,-,-,공용,-,-,-
,,,부품07,사양A,331,-,-,신규,신규,공용,-,신규,-,-,공용
,,,부품08,사양A,83,신규,신규,신규,-,신규,-,신규,신규,-,-
,,,부품09,사양A,410,-,-,-,공용,-,-,-,공용,-,신규
,,,부품10,사양A,223,-,-,-,-,공용,공용,공용,-,공용,신규
샤시,시스템15,모듈러074,부품01,사양A,103,-,공용,공용,공용,-,-,-,-,공용,공용
,,,부품02,사양A,416,-,-,-,-,-,-,-,-,신규,-
,,,부품03,사양A,492,-,신규,공용,공용,공용,신규,-,-,-,공용
,,,부품04,사양A,119,신규,공용,신규,신규,신규,-,-,신규,-,신규
,,,부품04,사양B,45,-,신규,-,공용,신규,-,신규,공용,-,-
,,,부품05,사양A,129,공용,-,공용,공용,공용,-,-,-,-,-
,,,부품05,사양B,498,신규,-,-,공용,신규,-,-,-,-,-
,,,부품06,사양A,345,-,-,-,-,-,-,공용,-,신규,공용
,,,부품07,사양A,472,-,신규,-,-,-,신규,-,-,신규,신규
,,,부품07,사양B,280,신규,-,신규,-,-,-,-,신규,-,공용
,,,부품08,사양A,472,-,공용,공용,신규,신규,-,-,-,-,-
,,,부품09,사양A,346,공용,신규,-,-,신규,-,-,공용,공용,-
,,,부품09,사양B,455,-,신규,신규,-,-,-,공용,-,-,공용
,,,부품10,사양A,132,-,-,공용,-,공용,-,-,-,공용,-
파워트레인,시스템15,모듈러075,부품01,사양A,179,공용,-,-,-,-,신규,-,공용,-,-
,,,부품01,사양B,125,신규,신규,-,-,-,신규,공용,공용,-,-
,,,부품02,사양A,200,-,신규,-,공용,-,-,-,신규,공용,신규
,,,부품03,사양A,240,공용,-,-,-,공용,-,신규,신규,신규,-
,,,부품04,사양A,203,신규,-,-,신규,신규,공용,신규,-,-,신규
,,,부품04,사양B,453,-,-,-,-,-,신규,신규,-,-,-
,,,부품05,사양A,451,공용,-,-,-,-,-,-,-,-,-
,,,부품05,사양B,430,공용,-,-,-,-,공용,공용,공용,신규,신규
,,,부품06,사양A,270,-,신규,-,-,공용,신규,-,-,-,-
,,,부품07,사양A,219,공용,-,-,공용,공용,-,-,-,-,공용
,,,부품07,사양B,466,신규,신규,신규,공용,-,신규,-,신규,-,-
,,,부품08,사양A,272,공용,-,공용,-,신규,-,공용,공용,-,공용
,,,부품09,사양A,472,-,-,-,-,신규,공용,-,-,-,-
,,,부품09,사양B,252,-,-,-,-,신규,-,-,신규,신규,-
,,,부품10,사양A,424,공용,-,-,-,신규,-,-,-,공용,신규
파워트레인,시스템16,모듈러076,부품01,사양A,77,-,공용,-,-,신규,-,-,-,-,-
,,,부품01,사양B,300,공용,-,-,공용,-,-,-,-,신규,-
,,,부품02,사양A,34,공용,신규,공용,신규,신규,신규,공용,-,-,신규
,,,부품03,사양A,314,공용,-,신규,-,-,-,-,-,-,-
,,,부품04,사양A,76,-,신규,공용,-,신규,신규,공용,-,-,신규
,,,부품05,사양A,167,-,-,-,-,공용,-,-,-,-,-
,,,부품06,사양A,300,-,-,-,공용,공용,-,공용,-,-,공용
,,,부품06,사양B,162,-,-,-,-,-,공용,공용,-,-,-
,,,부품07,사양A,326,공용,-,공용,-,-,-,-,-,-,-
,,,부품07,사양B,178,공용,신규,신규,공용,공용,-,공용,-,공용,-
,,,부품08,사양A,207,공용,-,공용,신규,-,공용,-,신규,-,신규
,,,부품09,사양A,142,-,신규,-,신규,-,신규,공용,-,-,공용
,,,부품09,사양B,273,신규,신규,-,-,공용,-,공용,-,신규,공용
,,,부품10,사양A,196,-,-,-,신규,-,공용,-,-,신규,공용
파워트레인,시스템16,모듈러077,부품01,사양A,76,-,-,-,-,신규,-,-,신규,-,-
,,,부품01,사양B,308,공용,-,-,-,-,-,-,-,공용,신규
,,,부품02,사양A,132,공용,-,신규,-,-,공용,-,-,-,-
,,,부품02,사양B,426,공용,-,-,공용,-,-,-,공용,-,신규
,,,부품03,사양A,158,공용,공용,-,신규,신규,-,-,신규,신규,신규
,,,부품04,사양A,87,-,공용,신규,공용,-,-,-,-,-,-
,,,부품04,사양B,185,-,-,-,신규,-,-,-,-,-,-
,,,부품05,사양A,467,-,공용,공용,신규,-,신규,신규,-,-,-
,,,부품05,사양B,317,-,-,-,-,-,-,신규,신규,-,-
,,,부품06,사양A,396,신규,-,신규,-,공용,-,신규,신규,-,공용
,,,부품07,사양A,409,공용,-,신규,-,-,-,-,신규,-,-
,,,부품08,사양A,363,신규,-,신규,-,-,신규,-,-,공용,신규
,,,부품08,사양B,406,-,신규,-,-,공용,-,-,공용,-,-
,,,부품09,사양A,442,-,신규,공용,-,신규,신규,-,-,신규,-
,,,부품09,사양B,178,신규,공용,신규,-,-,신규,-,-,공용,신규
,,,부품10,사양A,95,공용,-,-,신규,-,-,신규,-,신규,-
샤시,시스템16,모듈러078,부품01,사양A,429,-,-,-,-,-,-,-,신규,신규,-
,,,부품01,사양B,73,신규,-,신규,-,-,공용,-,-,-,공용
,,,부품02,사양A,211,신규,신규,신규,-,-,-,공용,-,-,-
,,,부품02,사양B,117,-,신규,공용,신규,-,-,-,신규,신규,-
,,,부품03,사양A,269,-,공용,공용,신규,공용,-,공용,-,-,-
,,,부품04,사양A,247,공용,-,-,-,-,-,공용,-,-,신규
,,,부품04,사양B,493,-,신규,-,-,-,신규,공용,-,-,공용
,,,부품05,사양A,149,공용,-,-,-,-,-,신규,-,-,-
,,,부품05,사양B,314,-,-,-,-,공용,-,공용,-,공용,-
,,,부품06,사양A,400,-,-,-,-,공용,공용,-,-,-,신규
,,,부품07,사양A,391,신규,-,-,-,신규,-,-,-,신규,-
,,,부품08,사양A,415,신규,공용,-,-,-,공용,공용,-,-,-
,,,부품08,사양B,185,-,공용,-,신규,-,-,-,-,공용,공용
,,,부품09,사양A,24,-,-,신규,-,-,-,신규,-,신규,-
,,,부품10,사양A,196,-,-,신규,-,공용,공용,-,-,신규,-
파워트레인,시스템16,모듈러079,부품01,사양A,435,공용,신규,-,-,-,공용,-,-,공용,-
,,,부품02,사양A,26,공용,-,-,공용,-,신규,-,신규,-,-
,,,부품03,사양A,404,-,공용,-,-,-,-,-,신규,신규,-
,,,부품03,사양B,154,-,-,-,-,신규,-,신규,-,-,공용
,,,부품04,사양A,293,신규,신규,-,-,-,-,-,-,-,-
,,,부품05,사양A,408,신규,공용,신규,-,-,-,-,신규,공용,신규
,,,부품06,사양A,350,-,-,신규,-,신규,신규,-,공용,-,공용
,,,부품07,사양A,52,신규,-,-,-,-,-,공용,-,-,신규
,,,부품08,사양A,299,-,신규,-,-,-,공용,공용,-,공용,공용
,,,부품08,사양B,36,-,-,공용,신규,-,-,공용,-,-,-
,,,부품09,사양A,147,공용,신규,-,신규,신규,-,공용,신규,-,신규
,,,부품09,사양B,489,-,-,-,-,신규,-,-,신규,-,-
,,,부품10,사양A,308,-,신규,-,-,-,공용,-,-,-,신규
,,,부품10,사양B,95,신규,신규,-,공용,신규,공용,-,-,공용,-
샤시,시스템16,모듈러080,부품01,사양A,121,공용,공용,신규,-,공용,-,신규,-,-,신규
,,,부품01,사양B,124,공용,-,공용,-,공용,-,-,-,-,공용
,,,부품02,사양A,368,-,신규,공용,-,-,-,-,공용,신규,-
,,,부품02,사양B,69,공용,공용,-,-,공용,-,-,-,신규,-
,,,부품03,사양A,491,공용,-,신규,공용,공용,신규,-,신규,신규,공용
,,,부품04,사양A,436,-,-,-,신규,신규,신규,공용,-,신규,공용
,,,부품04,사양B,346,공용,-,공용,신규,신규,신규,신규,-,-,신규
,,,부품05,사양A,252,-,-,공용,-,신규,신규,-,-,공용,공용
,,,부품05,사양B,167,-,신규,신규,공용,-,공용,-,공용,-,신규
,,,부품06,사양A,42,공용,-,공용,신규,-,-,-,-,-,공용
,,,부품07,사양A,187,-,-,-,-,-,-,공용,-,-,신규
,,,부품08,사양A,56,공용,-,공용,공용,-,신규,-,신규,-,-
,,,부품08,사양B,306,-,신규,-,-,-,-,공용,-,신규,공용
,,,부품09,사양A,481,신규,-,신규,-,-,-,공용,신규,-,-
,,,부품10,사양A,11,-,-,-,-,공용,-,-,공용,-,-
전장,시스템17,모듈러081,부품01,사양A,230,-,공용,-,-,-,-,-,공용,공용,신규
,,,부품01,사양B,363,신규,공용,-,신규,신규,-,-,-,신규,신규
,,,부품02,사양A,141,공용,-,신규,-,신규,-,-,-,신규,-
,,,부품02,사양B,122,-,-,신규,-,-,-,-,신규,-,-
,,,부품03,사양A,312,공용,공용,-,공용,공용,-,-,공용,공용,-
,,,부품03,사양B,408,공용,-,신규,-,-,신규,-,-,-,-
,,,부품04,사양A,283,-,공용,-,공용,공용,신규,-,-,-,-
,,,부품04,사양B,371,-,-,-,신규,신규,공용,-,신규,-,-
,,,부품05,사양A,322,-,-,-,-,-,신규,신규,공용,-,-
,,,부품05,사양B,351,신규,-,-,-,-,신규,-,-,-,공용
,,,부품06,사양A,115,-,-,공용,공용,공용,-,공용,공용,신규,-
,,,부품07,사양A,379,공용,-,공용,-,-,-,신규,공용,-,신규
,,,부품08,사양A,429,공용,-,-,-,-,-,신규,신규,-,-
,,,부품09,사양A,488,신규,공용,-,-,신규,-,-,-,-,신규
,,,부품09,사양B,233,-,신규,공용,-,공용,신규,-,-,-,공용
,,,부품10,사양A,193,-,-,-,-,-,신규,-,-,-,신규
,,,부품10,사양B,182,신규,공용,-,-,공용,-,신규,공용,신규,-
파워트레인,시스템17,모듈러082,부품01,사양A,242,-,-,신규,신규,신규,-,신규,-,-,-
,,,부품02,사양A,263,공용,-,-,-,공용,공용,공용,신규,-,-
,,,부품03,사양A,497,신규,-,-,-,신규,-,신규,-,-,-
,,,부품04,사양A,285,-,공용,-,신규,-,-,-,-,-,공용
,,,부품05,사양A,331,공용,공용,공용,-,-,-,신규,신규,신규,-
,,,부품06,사양A,175,신규,신규,공용,-,-,공용,-,-,-,-
,,,부품06,사양B,83,-,-,-,-,공용,-,-,신규,신규,-
,,,부품07,사양A,144,신규,-,공용,-,공용,-,공용,-,-,공용
,,,부품07,사양B,57,-,-,-,공용,-,공용,-,공용,공용,-
,,,부품08,사양A,370,신규,-,-,-,공용,-,-,공용,신규,신규
,,,부품09,사양A,250,공용,-,-,공용,-,-,-,-,-,신규
,,,부품10,사양A,191,-,-,-,신규,신규,신규,-,-,신규,-
의장,시스템17,모듈러083,부품01,사양A,191,공용,-,-,-,공용,-,-,신규,-,-
,,,부품02,사양A,190,-,-,-,신규,-,-,-,-,신규,-
,,,부품03,사양A,81,-,-,-,-,공용,-,신규,공용,-,-
,,,부품04,사양A,275,공용,-,-,공용,-,공용,-,공용,신규,-
,,,부품04,사양B,119,공용,-,신규,-,-,-,-,공용,-,-
,,,부품05,사양A,217,공용,신규,공용,공용,-,-,공용,-,-,-
,,,부품06,사양A,98,-,공용,-,-,공용,-,-,-,-,-
,,,부품06,사양B,260,신규,-,-,-,-,신규,-,신규,공용,신규
,,,부품07,사양A,94,공용,-,-,공용,신규,신규,-,공용,신규,-
,,,부품08,사양A,269,-,공용,신규,-,-,신규,-,-,-,공용
,,,부품09,사양A,309,-,-,-,-,신규,-,-,공용,공용,-
,,,부품10,사양A,302,공용,공용,공용,공용,-,-,신규,-,-,-
바디,시스템17,모듈러084,부품01,사양A,339,-,-,공용,-,-,-,공용,공용,공용,-
,,,부품01,사양B,214,공용,-,신규,-,-,신규,-,-,공용,공용
,,,부품02,사양A,291,신규,신규,-,-,공용,-,-,-,-,공용
,,,부품02,사양B,400,-,-,-,신규,-,-,공용,-,-,-
,,,부품03,사양A,81,-,공용,-,신규,-,-,-,-,-,공용
,,,부품03,사양B,32,-,-,-,-,-,신규,신규,-,-,-
,,,부품04,사양A,483,공용,신규,신규,신규,-,-,신규,-,신규,공용
,,,부품05,사양A,482,-,-,-,공용,-,신규,-,공용,-,신규
,,,부품06,사양A,343,-,-,신규,신규,신규,-,신규,공용,-,신규
,,,부품06,사양B,254,-,신규,공용,신규,-,-,-,신규,-,신규
,,,부품07,사양A,174,신규,공용,공용,-,-,-,신규,-,-,-
,,,부품08,사양A,418,-,신규,신규,-,신규,-,-,-,-,-
,,,부품09,사양A,245,공용,공용,-,공용,-,신규,신규,신규,공용,-
,,,부품09,사양B,491,공용,신규,-,신규,-,-,신규,신규,-,공용
,,,부품10,사양A,425,-,신규,신규,공용,-,-,공용,신규,공용,-
,,,부품10,사양B,195,-,공용,-,-,공용,공용,-,공용,-,신규
전장,시스템17,모듈러085,부품01,사양A,306,-,공용,공용,-,-,-,공용,공용,-,공용
,,,부품01,사양B,476,-,-,-,-,-,-,-,-,-,-
,,,부품02,사양A,351,신규,-,공용,-,-,공용,-,공용,신규,-
,,,부품03,사양A,100,공용,공용,-,공용,신규,-,공용,공용,-,-
,,,부품04,사양A,361,신규,-,공용,-,-,-,-,공용,-,신규
,,,부품05,사양A,16,-,-,-,공용,-,-,신규,-,-,공용
,,,부품05,사양B,417,-,-,공용,신규,-,신규,-,-,-,공용
,,,부품06,사양A,456,-,-,신규,-,-,공용,-,공용,신규,공용
,,,부품07,사양A,250,-,신규,-,-,-,-,-,신규,공용,-
,,,부품08,사양A,315,-,신규,-,-,-,-,-,-,신규,-
,,,부품09,사양A,92,-,-,-,-,공용,-,공용,-,-,-
,,,부품10,사양A,427,-,-,-,신규,-,-,-,-,-,-
의장,시스템18,모듈러086,부품01,사양A,466,공용,-,신규,-,공용,-,-,-,-,공용
,,,부품02,사양A,128,신규,공용,-,신규,신규,-,신규,공용,-,-
,,,부품03,사양A,168,-,신규,공용,-,-,-,신규,신규,-,공용
,,,부품03,사양B,344,신규,-,-,-,-,-,-,-,-,-
,,,부품04,사양A,271,공용,-,-,공용,신규,-,공용,-,공용,-
,,,부품05,사양A,492,-,공용,공용,공용,공용,공용,-,공용,공용,-
,,,부품06,사양A,400,-,신규,-,-,신규,신규,-,-,공용,-
,,,부품06,사양B,381,-,신규,신규,공용,-,-,-,신규,-,-
,,,부품07,사양A,196,-,-,-,신규,신규,-,-,-,공용,-
,,,부품08,사양A,214,공용,신규,-,-,신규,-,신규,-,-,-
,,,부품09,사양A,214,-,신규,공용,-,공용,공용,공용,신규,-,신규
,,,부품10,사양A,326,-,-,-,공용,공용,공용,공용,공용,신규,공용
,,,부품10,사양B,327,공용,-,-,-,-,공용,신규,공용,신규,신규
파워트레인,시스템18,모듈러087,부품01,사양A,317,공용,공용,공용,신규,공용,-,공용,-,-,-
,,,부품01,사양B,384,-,-,-,-,-,-,-,-,공용,-
,,,부품02,사양A,299,-,-,신규,공용,공용,-,신규,-,-,-
,,,부품02,사양B,324,-,신규,공용,-,-,-,공용,-,-,공용
,,,부품03,사양A,356,-,-,-,신규,공용,-,-,-,공용,-
,,,부품04,사양A,302,-,-,신규,-,공용,-,-,-,-,-
,,,부품04,사양B,156,공용,공용,-,신규,-,-,-,-,신규,-
,,,부품05,사양A,169,신규,-,신규,-,신규,공용,신규,-,공용,-
,,,부품06,사양A,295,신규,-,-,-,-,-,공용,-,-,-
,,,부품07,사양A,339,신규,공용,-,-,신규,-,-,신규,공용,공용
,,,부품07,사양B,409,-,신규,-,-,-,신규,공용,-,-,-
,,,부품08,사양A,94,-,공용,신규,-,-,-,-,-,신규,-
,,,부품08,사양B,211,-,공용,-,공용,공용,-,공용,공용,공용,-
,,,부품09,사양A,175,-,-,-,-,-,신규,-,공용,신규,-
,,,부품10,사양A,353,-,-,-,신규,-,신규,신규,-,공용,-
,,,부품10,사양B,332,-,-,-,-,-,-,-,-,-,-
전장,시스템18,모듈러088,부품01,사양A,159,-,-,공용,신규,신규,-,신규,공용,공용,-
,,,부품01,사양B,489,공용,-,-,-,-,공용,-,공용,-,공용
,,,부품02,사양A,235,신규,-,신규,-,-,-,-,-,-,-
,,,부품02,사양B,178,-,공용,-,신규,-,-,-,-,신규,신규
,,,부품03,사양A,391,-,-,-,-,신규,-,공용,신규,-,-
,,,부품03,사양B,281,신규,-,-,신규,-,-,신규,-,신규,공용
,,,부품04,사양A,116,-,-,-,신규,신규,신규,-,공용,-,-
,,,부품05,사양A,162,공용,-,공용,-,신규,-,신규,-,-,-
,,,부품05,사양B,434,공용,-,신규,-,-,-,공용,-,-,-
,,,부품06,사양A,117,-,신규,-,공용,-,-,-,공용,공용,-
,,,부품06,사양B,221,신규,-,신규,-,-,-,신규,-,-,-
,,,부품07,사양A,308,신규,-,-,신규,-,공용,신규,-,-,공용
,,,부품07,사양B,234,신규,신규,신규,-,공용,-,-,-,공용,신규
,,,부품08,사양A,98,신규,공용,-,-,신규,공용,신규,신규,-,-
,,,부품08,사양B,31,-,-,-,-,-,-,-,신규,-,-
,,,부품09,사양A,212,-,신규,-,공용,-,-,-,공용,-,공용
,,,부품10,사양A,114,-,-,-,-,공용,공용,공용,-,-,-
바디,시스템18,모듈러089,부품01,사양A,121,-,-,-,-,-,신규,-,신규,-,신규
,,,부품02,사양A,290,-,-,신규,-,-,-,공용,신규,-,공용
,,,부품02,사양B,127,-,공용,-,신규,-,-,공용,공용,-,-
,,,부품03,사양A,473,-,-,공용,-,-,신규,공용,공용,-,-
,,,부품04,사양A,300,-,-,-,-,신규,-,-,공용,신규,-
,,,부품04,사양B,40,공용,-,-,-,공용,공용,-,공용,-,-
,,,부품05,사양A,50,-,공용,공용,공용,-,-,공용,신규,-,-
,,,부품06,사양A,240,신규,-,공용,공용,-,-,신규,신규,-,-
,,,부품07,사양A,127,신규,-,공용,-,공용,-,-,신규,신규,-
,,,부품08,사양A,267,-,신규,신규,공용,-,-,-,-,공용,신규
,,,부품08,사양B,193,-,-,-,-,신규,공용,-,공용,공용,-
,,,부품09,사양A,20,공용,-,신규,공용,-,공용,신규,-,-,-
,,,부품10,사양A,141,-,-,신규,공용,-,-,-,신규,신규,-
,,,부품10,사양B,410,-,-,-,-,-,신규,-,공용,-,-
샤시,시스템18,모듈러090,부품01,사양A,333,공용,-,-,신규,신규,신규,신규,공용,-,공용
,,,부품01,사양B,363,공용,-,-,신규,-,-,-,-,-,공용
,,,부품02,사양A,173,신규,신규,-,-,신규,공용,-,-,-,-
,,,부품03,사양A,195,신규,-,공용,-,공용,공용,신규,공용,-,신규
,,,부품03,사양B,313,공용,-,공용,신규,-,-,-,-,신규,-
,,,부품04,사양A,369,-,공용,-,공용,신규,신규,-,-,-,-
,,,부품05,사양A,241,-,-,-,공용,공용,-,-,신규,-,-
,,,부품05,사양B,304,-,공용,공용,-,-,신규,-,신규,신규,신규
,,,부품06,사양A,347,신규,-,-,-,신규,-,신규,-,-,-
,,,부품07,사양A,249,신규,공용,-,-,공용,-,-,-,-,-
,,,부품08,사양A,323,-,공용,-,공용,-,-,-,-,-,-
,,,부품08,사양B,48,-,-,-,공용,-,공용,-,-,-,-
,,,부품09,사양A,354,신규,신규,-,-,-,-,-,-,신규,-
,,,부품09,사양B,115,신규,-,공용,-,-,-,신규,공용,-,-
,,,부품10,사양A,178,-,-,공용,-,-,-,공용,공용,-,공용
,,,부품10,사양B,285,공용,-,-,-,-,-,-,신규,-,-
의장,시스템19,모듈러091,부품01,사양A,101,공용,-,-,-,-,-,공용,공용,-,공용
,,,부품01,사양B,322,신규,-,-,-,공용,-,-,신규,공용,-
,,,부품02,사양A,148,-,-,-,-,-,신규,-,-,-,-
,,,부품03,사양A,25,공용,-,-,신규,-,-,신규,-,-,-
,,,부품03,사양B,379,-,-,-,신규,공용,공용,-,-,신규,신규
,,,부품04,사양A,366,신규,-,-,-,-,-,신규,-,신규,-
,,,부품04,사양B,481,-,신규,-,공용,신규,-,-,-,-,공용
,,,부품05,사양A,231,공용,-,-,-,-,-,-,-,공용,-
,,,부품06,사양A,500,-,-,-,공용,-,공용,-,공용,신규,-
,,,부품07,사양A,331,공용,-,신규,-,-,-,-,신규,-,공용
,,,부품07,사양B,301,-,-,-,-,-,공용,-,-,공용,-
,,,부품08,사양A,294,공용,공용,공용,공용,-,-,-,신규,신규,-
,,,부품08,사양B,369,-,신규,공용,-,공용,신규,-,-,신규,-
,,,부품09,사양A,270,신규,공용,-,공용,공용,공용,신규,-,-,신규
,,,부품10,사양A,221,-,공용,-,-,신규,-,공용,-,-,-
바디,시스템19,모듈러092,부품01,사양A,303,-,공용,신규,신규,-,-,-,-,-,-
,,,부품01,사양B,199,신규,-,-,-,-,신규,신규,-,-,-
,,,부품02,사양A,482,-,-,신규,-,-,신규,신규,신규,-,공용
,,,부품02,사양B,150,-,신규,공용,-,-,공용,-,-,-,공용
,,,부품03,사양A,384,-,-,-,-,-,공용,-,-,신규,-
,,,부품04,사양A,469,-,신규,-,-,공용,-,-,-,공용,신규
,,,부품04,사양B,56,-,-,-,-,신규,-,신규,-,신규,신규
,,,부품05,사양A,433,-,-,-,-,공용,-,-,신규,-,-
,,,부품06,사양A,52,공용,-,-,-,공용,신규,-,-,-,공용
,,,부품06,사양B,423,-,공용,-,-,공용,공용,-,신규,공용,-
,,,부품07,사양A,375,-,공용,-,-,공용,-,-,-,-,공용
,,,부품08,사양A,313,-,신규,신규,-,-,공용,-,-,-,-
,,,부품09,사양A,495,신규,-,공용,-,-,신규,-,-,-,-
,,,부품10,사양A,169,-,-,-,-,-,-,공용,공용,-,-
의장,시스템19,모듈러093,부품01,사양A,231,-,-,-,-,-,공용,-,-,-,-
,,,부품01,사양B,326,-,-,-,-,-,신규,신규,신규,신규,신규
,,,부품02,사양A,151,-,-,-,-,-,-,-,-,공용,-
,,,부품02,사양B,168,공용,-,-,-,신규,신규,신규,-,공용,-
,,,부품03,사양A,318,-,-,-,-,-,신규,-,공용,-,신규
,,,부품03,사양B,240,-,신규,-,공용,공용,-,공용,공용,-,-
,,,부품04,사양A,422,공용,-,-,-,-,-,-,공용,공용,-
,,,부품04,사양B,111,-,신규,공용,신규,-,공용,-,공용,-,신규
,,,부품05,사양A,308,신규,-,-,신규,-,-,-,공용,-,-
,,,부품05,사양B,49,공용,-,공용,공용,공용,-,-,-,-,-
,,,부품06,사양A,475,-,-,-,신규,-,공용,-,-,-,신규
,,,부품07,사양A,314,신규,-,-,공용,공용,-,-,신규,-,-
,,,부품07,사양B,289,-,신규,-,신규,신규,공용,-,-,-,공용
,,,부품08,사양A,428,공용,-,신규,-,-,신규,신규,공용,-,-
,,,부품08,사양B,122,공용,-,신규,-,-,-,공용,-,-,신규
,,,부품09,사양A,374,-,-,공용,공용,공용,신규,-,-,공용,신규
,,,부품10,사양A,283,-,-,-,-,-,공용,공용,공용,공용,공용
,,,부품10,사양B,131,신규,-,-,-,-,-,-,-,-,-
전장,시스템19,모듈러094,부품01,사양A,253,-,-,-,공용,신규,신규,-,-,-,-
,,,부품01,사양B,232,-,-,-,-,신규,-,-,-,-,-
,,,부품02,사양A,132,신규,-,신규,신규,-,신규,-,-,공용,신규
,,,부품02,사양B,85,-,신규,-,-,-,-,-,공용,신규,-
,,,부품03,사양A,107,신규,-,공용,신규,신규,-,-,-,신규,-
,,,부품03,사양B,202,공용,공용,공용,신규,-,-,공용,-,공용,-
,,,부품04,사양A,389,공용,-,-,-,-,-,공용,-,공용,-
,,,부품04,사양B,288,-,-,공용,-,-,-,-,-,-,-
,,,부품05,사양A,138,-,-,신규,공용,-,-,공용,신규,-,-
,,,부품05,사양B,230,신규,신규,신규,공용,신규,-,신규,-,-,-
,,,부품06,사양A,360,공용,-,-,-,신규,신규,-,-,신규,-
,,,부품07,사양A,321,신규,신규,-,-,공용,공용,-,-,공용,공용
,,,부품07,사양B,61,공용,-,-,-,신규,신규,-,신규,-,-
,,,부품08,사양A,150,-,-,-,-,-,공용,-,신규,-,-
,,,부품09,사양A,392,-,공용,공용,신규,공용,-,공용,신규,-,신규
,,,부품10,사양A,46,신규,-,-,공용,-,-,공용,신규,-,공용
,,,부품10,사양B,205,-,-,신규,공용,공용,공용,-,-,신규,-
의장,시스템19,모듈러095,부품01,사양A,390,-,신규,공용,공용,-,-,-,공용,공용,신규
,,,부품02,사양A,120,신규,신규,공용,공용,-,신규,-,-,-,-
,,,부품02,사양B,90,-,공용,-,-,공용,신규,-,신규,-,-
,,,부품03,사양A,370,-,-,-,-,-,-,-,공용,신규,신규
,,,부품04,사양A,359,-,-,-,공용,-,신규,신규,-,공용,-
,,,부품05,사양A,494,-,신규,-,-,-,공용,-,-,-,-
,,,부품06,사양A,80,-,-,공용,-,신규,-,-,-,-,신규
,,,부품06,사양B,433,-,신규,-,신규,공용,-,공용,-,-,-
,,,부품07,사양A,115,-,-,공용,신규,공용,공용,-,-,-,-
,,,부품07,사양B,364,공용,공용,공용,-,-,신규,-,-,공용,공용
,,,부품08,사양A,136,공용,-,공용,신규,-,공용,공용,-,공용,-
,,,부품09,사양A,471,-,-,공용,-,-,-,-,-,공용,신규
,,,부품10,사양A,234,-,-,-,신규,-,-,신규,-,-,공용
파워트레인,시스템20,모듈러096,부품01,사양A,433,공용,공용,-,-,-,-,-,공용,-,-
,,,부품01,사양B,106,-,신규,-,-,-,공용,-,-,-,-
,,,부품02,사양A,461,신규,신규,공용,-,공용,공용,-,공용,공용,-
,,,부품03,사양A,479,-,-,신규,신규,-,공용,신규,신규,-,공용
,,,부품03,사양B,471,-,신규,-,신규,-,공용,-,-,공용,공용
,,,부품04,사양A,214,-,-,-,-,-,-,-,-,공용,-
,,,부품04,사양B,211,공용,-,-,-,-,-,-,신규,-,-
,,,부품05,사양A,201,-,-,공용,신규,-,신규,-,-,신규,-
,,,부품05,사양B,463,-,-,-,-,신규,-,공용,공용,신규,-
,,,부품06,사양A,24,-,-,-,신규,-,-,-,공용,공용,신규
,,,부품07,사양A,341,-,공용,-,-,-,-,-,-,공용,-
,,,부품08,사양A,287,신규,-,공용,-,신규,-,신규,-,-,공용
,,,부품08,사양B,460,-,공용,-,-,-,-,공용,공용,-,-
,,,부품09,사양A,443,신규,공용,-,공용,-,신규,-,-,공용,신규
,,,부품10,사양A,104,-,신규,-,신규,신규,공용,신규,-,-,공용
,,,부품10,사양B,475,-,공용,-,-,-,신규,-,-,신규,-
샤시,시스템20,모듈러097,부품01,사양A,186,-,-,-,공용,-,신규,-,-,신규,-
,,,부품02,사양A,257,공용,-,-,-,공용,-,공용,공용,신규,공용
,,,부품03,사양A,356,신규,신규,-,공용,공용,-,공용,-,-,-
,,,부품04,사양A,314,-,-,-,-,-,신규,신규,-,공용,-
,,,부품04,사양B,228,-,-,-,-,신규,-,-,신규,공용,-
,,,부품05,사양A,254,신규,-,-,신규,-,공용,-,-,공용,-
,,,부품06,사양A,471,공용,-,-,-,신규,-,-,-,-,공용
,,,부품06,사양B,86,-,공용,-,신규,-,신규,공용,-,신규,-
,,,부품07,사양A,445,신규,신규,-,-,-,-,-,-,신규,-
,,,부품07,사양B,40,-,-,신규,신규,-,-,신규,신규,-,공용
,,,부품08,사양A,282,-,-,공용,-,공용,-,신규,-,-,공용
,,,부품09,사양A,352,신규,-,공용,공용,신규,-,-,-,-,-
,,,부품10,사양A,318,-,-,-,신규,공용,-,-,공용,-,-
,,,부품10,사양B,213,-,-,신규,-,-,-,신규,공용,신규,-
전장,시스템20,모듈러098,부품01,사양A,267,공용,-,-,-,-,-,-,-,공용,-
,,,부품02,사양A,252,-,공용,-,-,-,신규,-,-,-,-
,,,부품02,사양B,478,공용,-,-,-,신규,공용,신규,-,-,-
,,,부품03,사양A,364,-,-,신규,신규,공용,-,-,-,공용,신규
,,,부품03,사양B,269,-,신규,-,-,-,-,-,-,-,-
,,,부품04,사양A,356,-,-,공용,신규,-,신규,-,-,-,-
,,,부품05,사양A,495,-,-,-,신규,-,신규,신규,-,공용,-
,,,부품06,사양A,120,-,-,-,공용,신규,공용,신규,신규,공용,-
,,,부품06,사양B,166,-,공용,공용,공용,신규,-,-,공용,신규,공용
,,,부품07,사양A,392,-,-,-,공용,-,신규,-,-,신규,-
,,,부품08,사양A,109,공용,-,공용,-,공용,-,-,-,-,공용
,,,부품09,사양A,347,신규,-,-,-,-,-,-,-,공용,-
,,,부품10,사양A,113,-,-,신규,-,신규,신규,신규,신규,공용,공용
,,,부품10,사양B,410,-,-,신규,-,공용,신규,-,신규,신규,공용
바디,시스템20,모듈러099,부품01,사양A,27,공용,-,-,-,공용,-,신규,신규,-,신규
,,,부품02,사양A,17,-,-,신규,-,-,-,-,-,-,-
,,,부품03,사양A,471,공용,신규,공용,-,신규,-,-,-,-,신규
,,,부품03,사양B,48,공용,-,신규,신규,-,신규,-,-,-,신규
,,,부품04,사양A,377,-,-,-,신규,공용,-,공용,공용,공용,-
,,,부품05,사양A,421,-,공용,-,-,-,-,-,-,-,-
,,,부품05,사양B,494,-,-,-,-,-,-,공용,공용,-,신규
,,,부품06,사양A,178,-,-,-,신규,신규,신규,-,-,-,-
,,,부품07,사양A,122,신규,-,-,-,-,신규,신규,-,공용,공용
,,,부품07,사양B,487,-,-,-,-,신규,-,-,신규,-,-
,,,부품08,사양A,353,-,공용,공용,-,-,공용,공용,-,공용,-
,,,부품09,사양A,282,-,-,신규,공용,신규,신규,-,신규,-,-
,,,부품09,사양B,302,-,-,신규,-,공용,-,공용,-,공용,-
,,,부품10,사양A,394,공용,-,-,신규,-,-,-,신규,-,공용
,,,부품10,사양B,81,-,-,-,공용,-,-,신규,-,신규,-
샤시,시스템20,모듈러100,부품01,사양A,208,-,신규,-,-,공용,공용,-,-,-,공용
,,,부품01,사양B,66,-,공용,-,공용,신규,-,-,신규,-,공용
,,,부품02,사양A,104,-,신규,-,-,-,-,-,신규,-,-
,,,부품03,사양A,174,공용,-,신규,-,신규,공용,신규,-,공용,신규
,,,부품04,사양A,94,-,신규,신규,공용,공용,-,-,-,-,-
,,,부품05,사양A,240,공용,공용,-,공용,-,공용,신규,-,-,-
,,,부품05,사양B,469,-,공용,신규,신규,-,-,공용,-,신규,신규
,,,부품06,사양A,19,-,-,공용,-,-,-,-,신규,공용,-
,,,부품07,사양A,23,-,-,-,공용,-,-,-,-,공용,-
,,,부품07,사양B,407,-,-,공용,공용,-,-,-,-,-,-
,,,부품08,사양A,250,신규,신규,-,신규,-,-,-,-,-,-
,,,부품09,사양A,305,신규,-,-,-,공용,-,공용,-,공용,공용
,,,부품10,사양A,14,-,-,-,-,-,-,-,-,-,신규
